race_name,country,location,race_date,session_key,circuit_key,driver_number,team_name,grid_position,final_position,pit_lap,pit_duration,lap_duration_before_pit,position_before_pit,position_after_pit,pit_position_loss,compound,tire_age_at_start,stint_number,avg_lap_stint,best_lap_stint,avg_air_temp,avg_track_temp,max_rainfall
Race,Australia,Melbourne,2025-03-16T04:00:00+00:00,9693,10,30,Red Bull Racing,,15,,,,12,6,-6,INTERMEDIATE,0,2,,,15.707865168539326,18.942134831460674,1
Race,Australia,Melbourne,2025-03-16T04:00:00+00:00,9693,10,30,Red Bull Racing,,15,1.0,,,12,6,-6,INTERMEDIATE,0,3,159.223,149.147,15.707865168539326,18.942134831460674,1
Race,Australia,Melbourne,2025-03-16T04:00:00+00:00,9693,10,4,McLaren,,1,2.0,30.311499999999995,117.43,3,5,2,INTERMEDIATE,0,2,165.8055,161.723,15.707865168539326,18.942134831460674,1
Race,Australia,Melbourne,2025-03-16T04:00:00+00:00,9693,10,1,Red Bull Racing,,2,2.0,28.397500000000008,119.704,2,4,2,INTERMEDIATE,2,2,165.7335,162.145,15.707865168539326,18.942134831460674,1
Race,Australia,Melbourne,2025-03-16T04:00:00+00:00,9693,10,81,McLaren,,9,2.0,27.7885,121.202,11,13,2,INTERMEDIATE,0,2,165.925,162.307,15.707865168539326,18.942134831460674,1
Race,Australia,Melbourne,2025-03-16T04:00:00+00:00,9693,10,63,Mercedes,,3,2.0,24.362499999999983,125.09,6,8,2,INTERMEDIATE,2,2,165.2815,162.437,15.707865168539326,18.942134831460674,1
Race,Australia,Melbourne,2025-03-16T04:00:00+00:00,9693,10,16,Ferrari,,8,2.0,21.716499999999996,128.872,4,4,0,INTERMEDIATE,2,2,164.697,162.161,15.707865168539326,18.942134831460674,1
Race,Australia,Melbourne,2025-03-16T04:00:00+00:00,9693,10,23,Williams,,4,2.0,20.76200000000003,132.581,6,8,2,INTERMEDIATE,0,2,166.24349999999998,163.623,15.707865168539326,18.942134831460674,1
Race,Australia,Melbourne,2025-03-16T04:00:00+00:00,9693,10,22,Racing Bulls,,12,2.0,21.276999999999987,130.964,4,6,2,INTERMEDIATE,2,2,165.5695,162.92,15.707865168539326,18.942134831460674,1
Race,Australia,Melbourne,2025-03-16T04:00:00+00:00,9693,10,10,Alpine,,11,2.0,22.647500000000008,134.433,5,7,2,INTERMEDIATE,0,2,167.101,162.892,15.707865168539326,18.942134831460674,1
Race,Australia,Melbourne,2025-03-16T04:00:00+00:00,9693,10,44,Ferrari,,10,2.0,21.34299999999999,133.317,2,4,2,INTERMEDIATE,2,2,166.8605,163.813,15.707865168539326,18.942134831460674,1
Race,Australia,Melbourne,2025-03-16T04:00:00+00:00,9693,10,14,Aston Martin,,17,2.0,18.990999999999985,137.489,12,14,2,INTERMEDIATE,2,2,166.3765,163.345,15.707865168539326,18.942134831460674,1
Race,Australia,Melbourne,2025-03-16T04:00:00+00:00,9693,10,27,Kick Sauber,,7,2.0,16.518,141.537,12,12,0,INTERMEDIATE,0,2,166.8105,164.223,15.707865168539326,18.942134831460674,1
Race,Australia,Melbourne,2025-03-16T04:00:00+00:00,9693,10,18,Aston Martin,,6,2.0,17.633499999999998,139.757,10,10,0,INTERMEDIATE,2,2,166.7095,163.938,15.707865168539326,18.942134831460674,1
Race,Australia,Melbourne,2025-03-16T04:00:00+00:00,9693,10,5,Kick Sauber,,16,2.0,14.745499999999993,144.436,15,13,-2,INTERMEDIATE,0,2,169.572,169.572,15.707865168539326,18.942134831460674,1
Race,Australia,Melbourne,2025-03-16T04:00:00+00:00,9693,10,31,Haas F1 Team,,13,2.0,14.354000000000013,146.059,15,15,0,INTERMEDIATE,2,2,167.495,165.071,15.707865168539326,18.942134831460674,1
Race,Australia,Melbourne,2025-03-16T04:00:00+00:00,9693,10,12,Mercedes,,5,2.0,16.089500000000015,142.666,11,9,-2,INTERMEDIATE,2,2,167.2775,164.755,15.707865168539326,18.942134831460674,1
Race,Australia,Melbourne,2025-03-16T04:00:00+00:00,9693,10,30,Red Bull Racing,,15,2.0,12.055000000000007,149.147,12,6,-6,INTERMEDIATE,2,4,167.32,165.341,15.707865168539326,18.942134831460674,1
Race,Australia,Melbourne,2025-03-16T04:00:00+00:00,9693,10,87,Haas F1 Team,,14,2.0,12.297500000000014,149.622,17,15,-2,INTERMEDIATE,0,2,169.798,169.798,15.707865168539326,18.942134831460674,1
Race,Australia,Melbourne,2025-03-16T04:00:00+00:00,9693,10,5,Kick Sauber,,16,3.0,3.0200000000000102,169.572,15,13,-2,INTERMEDIATE,0,3,165.217,165.217,15.707865168539326,18.942134831460674,1
Race,Australia,Melbourne,2025-03-16T04:00:00+00:00,9693,10,87,Haas F1 Team,,14,3.0,-2.3920000000000243,169.798,17,15,-2,INTERMEDIATE,0,3,165.379,165.379,15.707865168539326,18.942134831460674,1
Race,Australia,Melbourne,2025-03-16T04:00:00+00:00,9693,10,1,Red Bull Racing,,2,3.0,-0.40349999999997976,169.322,2,4,2,INTERMEDIATE,0,3,158.96,155.775,15.707865168539326,18.942134831460674,1
Race,Australia,Melbourne,2025-03-16T04:00:00+00:00,9693,10,4,McLaren,,1,3.0,-1.2475000000000023,169.888,3,5,2,INTERMEDIATE,0,3,158.888,156.053,15.707865168539326,18.942134831460674,1
Race,Australia,Melbourne,2025-03-16T04:00:00+00:00,9693,10,81,McLaren,,9,3.0,-0.3270000000000266,169.543,11,13,2,INTERMEDIATE,0,3,159.016,155.725,15.707865168539326,18.942134831460674,1
Race,Australia,Melbourne,2025-03-16T04:00:00+00:00,9693,10,63,Mercedes,,3,3.0,0.12049999999999272,168.126,6,8,2,INTERMEDIATE,3,3,159.472,156.507,15.707865168539326,18.942134831460674,1
Race,Australia,Melbourne,2025-03-16T04:00:00+00:00,9693,10,16,Ferrari,,8,3.0,0.6435000000000173,167.233,4,4,0,INTERMEDIATE,3,3,158.98149999999998,155.802,15.707865168539326,18.942134831460674,1
Race,Australia,Melbourne,2025-03-16T04:00:00+00:00,9693,10,22,Racing Bulls,,12,3.0,1.2129999999999939,168.219,4,6,2,INTERMEDIATE,0,3,159.0575,155.195,15.707865168539326,18.942134831460674,1
Race,Australia,Melbourne,2025-03-16T04:00:00+00:00,9693,10,23,Williams,,4,3.0,2.0504999999999995,168.864,6,8,2,INTERMEDIATE,1,3,158.952,154.281,15.707865168539326,18.942134831460674,1
Race,Australia,Melbourne,2025-03-16T04:00:00+00:00,9693,10,44,Ferrari,,10,3.0,1.8089999999999975,169.908,2,4,2,INTERMEDIATE,3,3,158.9565,154.1,15.707865168539326,18.942134831460674,1
Race,Australia,Melbourne,2025-03-16T04:00:00+00:00,9693,10,14,Aston Martin,,17,3.0,1.288000000000011,169.408,12,14,2,INTERMEDIATE,3,3,159.0255,154.706,15.707865168539326,18.942134831460674,1
Race,Australia,Melbourne,2025-03-16T04:00:00+00:00,9693,10,10,Alpine,,11,3.0,-0.05750000000000455,171.31,5,7,2,INTERMEDIATE,3,3,158.7405,154.589,15.707865168539326,18.942134831460674,1
Race,Australia,Melbourne,2025-03-16T04:00:00+00:00,9693,10,27,Kick Sauber,,7,3.0,1.955500000000029,169.398,12,12,0,INTERMEDIATE,3,3,159.68,155.137,15.707865168539326,18.942134831460674,1
Race,Australia,Melbourne,2025-03-16T04:00:00+00:00,9693,10,18,Aston Martin,,6,3.0,1.7620000000000005,169.481,10,10,0,INTERMEDIATE,3,3,159.40449999999998,154.871,15.707865168539326,18.942134831460674,1
Race,Australia,Melbourne,2025-03-16T04:00:00+00:00,9693,10,12,Mercedes,,5,3.0,2.555999999999983,169.8,11,9,-2,INTERMEDIATE,0,3,159.6765,154.598,15.707865168539326,18.942134831460674,1
Race,Australia,Melbourne,2025-03-16T04:00:00+00:00,9693,10,5,Kick Sauber,,16,3.0,3.0200000000000102,169.572,15,13,-2,INTERMEDIATE,0,4,165.217,165.217,15.707865168539326,18.942134831460674,1
Race,Australia,Melbourne,2025-03-16T04:00:00+00:00,9693,10,31,Haas F1 Team,,13,3.0,-0.984499999999997,169.919,15,15,0,INTERMEDIATE,3,3,163.63150000000002,162.192,15.707865168539326,18.942134831460674,1
Race,Australia,Melbourne,2025-03-16T04:00:00+00:00,9693,10,87,Haas F1 Team,,14,3.0,-2.3920000000000243,169.798,17,15,-2,INTERMEDIATE,0,4,165.379,165.379,15.707865168539326,18.942134831460674,1
Race,Australia,Melbourne,2025-03-16T04:00:00+00:00,9693,10,30,Red Bull Racing,,15,3.0,0.49500000000000455,169.299,12,6,-6,INTERMEDIATE,3,5,162.86700000000002,160.393,15.707865168539326,18.942134831460674,1
Race,Australia,Melbourne,2025-03-16T04:00:00+00:00,9693,10,5,Kick Sauber,,16,4.0,3.055499999999995,165.217,15,13,-2,INTERMEDIATE,3,5,154.822,154.822,15.707865168539326,18.942134831460674,1
Race,Australia,Melbourne,2025-03-16T04:00:00+00:00,9693,10,87,Haas F1 Team,,14,4.0,20.3485,165.379,17,15,-2,INTERMEDIATE,3,5,165.744,165.744,15.707865168539326,18.942134831460674,1
Race,Australia,Melbourne,2025-03-16T04:00:00+00:00,9693,10,4,McLaren,,1,4.0,3.367500000000007,161.723,3,5,2,INTERMEDIATE,0,4,98.29387096774195,87.495,15.707865168539326,18.942134831460674,1
Race,Australia,Melbourne,2025-03-16T04:00:00+00:00,9693,10,1,Red Bull Racing,,2,4.0,2.897999999999996,162.145,2,4,2,INTERMEDIATE,0,4,99.02167741935484,88.046,15.707865168539326,18.942134831460674,1
Race,Australia,Melbourne,2025-03-16T04:00:00+00:00,9693,10,63,Mercedes,,3,4.0,4.4325000000000045,162.437,6,8,2,INTERMEDIATE,4,4,99.58770967741935,89.041,15.707865168539326,18.942134831460674,1
Race,Australia,Melbourne,2025-03-16T04:00:00+00:00,9693,10,81,McLaren,,9,4.0,2.9939999999999998,162.307,11,13,2,INTERMEDIATE,0,4,98.4305806451613,87.916,15.707865168539326,18.942134831460674,1
Race,Australia,Melbourne,2025-03-16T04:00:00+00:00,9693,10,22,Racing Bulls,,12,4.0,3.014499999999998,162.92,4,6,2,INTERMEDIATE,0,4,99.59143333333333,90.031,15.707865168539326,18.942134831460674,1
Race,Australia,Melbourne,2025-03-16T04:00:00+00:00,9693,10,16,Ferrari,,8,4.0,3.4229999999999734,162.161,4,4,0,INTERMEDIATE,4,4,99.76100000000001,89.337,15.707865168539326,18.942134831460674,1
Race,Australia,Melbourne,2025-03-16T04:00:00+00:00,9693,10,23,Williams,,4,4.0,1.427500000000009,163.623,6,8,2,INTERMEDIATE,2,4,99.5154,89.628,15.707865168539326,18.942134831460674,1
Race,Australia,Melbourne,2025-03-16T04:00:00+00:00,9693,10,44,Ferrari,,10,4.0,1.3075000000000045,163.813,2,4,2,INTERMEDIATE,4,4,99.50956666666666,89.737,15.707865168539326,18.942134831460674,1
Race,Australia,Melbourne,2025-03-16T04:00:00+00:00,9693,10,14,Aston Martin,,17,4.0,1.9429999999999836,163.345,12,14,2,INTERMEDIATE,4,4,99.12179310344827,88.819,15.707865168539326,18.942134831460674,1
Race,Australia,Melbourne,2025-03-16T04:00:00+00:00,9693,10,10,Alpine,,11,4.0,2.462999999999994,162.892,5,7,2,INTERMEDIATE,4,4,99.54996666666666,89.299,15.707865168539326,18.942134831460674,1
Race,Australia,Melbourne,2025-03-16T04:00:00+00:00,9693,10,27,Kick Sauber,,7,4.0,3.4964999999999975,164.223,12,12,0,INTERMEDIATE,4,4,100.55659999999999,90.071,15.707865168539326,18.942134831460674,1
Race,Australia,Melbourne,2025-03-16T04:00:00+00:00,9693,10,18,Aston Martin,,6,4.0,2.6975000000000193,163.938,10,10,0,INTERMEDIATE,4,4,100.27043333333336,90.657,15.707865168539326,18.942134831460674,1
Race,Australia,Melbourne,2025-03-16T04:00:00+00:00,9693,10,5,Kick Sauber,,16,4.0,3.055499999999995,165.217,15,13,-2,MEDIUM,4,6,104.40304878048782,84.192,15.707865168539326,18.942134831460674,1
Race,Australia,Melbourne,2025-03-16T04:00:00+00:00,9693,10,12,Mercedes,,5,4.0,2.63900000000001,164.755,11,9,-2,INTERMEDIATE,4,4,99.4111,89.032,15.707865168539326,18.942134831460674,1
Race,Australia,Melbourne,2025-03-16T04:00:00+00:00,9693,10,30,Red Bull Racing,,15,4.0,12.075999999999993,165.341,12,6,-6,INTERMEDIATE,0,6,100.8125,90.803,15.707865168539326,18.942134831460674,1
Race,Australia,Melbourne,2025-03-16T04:00:00+00:00,9693,10,31,Haas F1 Team,,13,4.0,14.392500000000013,165.071,15,15,0,INTERMEDIATE,0,4,106.4723888888889,91.155,15.707865168539326,18.942134831460674,1
Race,Australia,Melbourne,2025-03-16T04:00:00+00:00,9693,10,87,Haas F1 Team,,14,4.0,20.3485,165.379,17,15,-2,MEDIUM,0,6,105.91753658536587,87.603,15.707865168539326,18.942134831460674,1
Race,Australia,Melbourne,2025-03-16T04:00:00+00:00,9693,10,44,Ferrari,,10,33.0,-8.080499999999986,90.234,2,4,2,HARD,1,5,114.76153333333333,84.218,15.707865168539326,18.942134831460674,1
Race,Australia,Melbourne,2025-03-16T04:00:00+00:00,9693,10,23,Williams,,4,33.0,-8.650000000000006,90.186,6,8,2,MEDIUM,0,5,116.49016666666667,84.597,15.707865168539326,18.942134831460674,1
Race,Australia,Melbourne,2025-03-16T04:00:00+00:00,9693,10,22,Racing Bulls,,12,33.0,-8.000500000000002,90.492,4,6,2,MEDIUM,0,5,115.42413333333334,84.194,15.707865168539326,18.942134831460674,1
Race,Australia,Melbourne,2025-03-16T04:00:00+00:00,9693,10,10,Alpine,,11,33.0,-5.916000000000011,89.383,5,7,2,HARD,0,5,113.46400000000001,85.02,15.707865168539326,18.942134831460674,1
Race,Australia,Melbourne,2025-03-16T04:00:00+00:00,9693,10,12,Mercedes,,5,33.0,-3.178999999999988,89.032,11,9,-2,HARD,0,5,116.3911666666667,84.901,15.707865168539326,18.942134831460674,1
Race,Australia,Melbourne,2025-03-16T04:00:00+00:00,9693,10,18,Aston Martin,,6,33.0,14.941000000000017,90.657,10,10,0,HARD,1,5,115.24333333333334,85.538,15.707865168539326,18.942134831460674,1
Race,Australia,Melbourne,2025-03-16T04:00:00+00:00,9693,10,27,Kick Sauber,,7,33.0,18.314999999999998,90.109,12,12,0,MEDIUM,0,5,114.82191666666665,85.243,15.707865168539326,18.942134831460674,1
Race,Australia,Melbourne,2025-03-16T04:00:00+00:00,9693,10,4,McLaren,,1,34.0,16.801500000000004,87.495,3,5,2,HARD,1,5,123.18936363636364,82.167,15.707865168539326,18.942134831460674,1
Race,Australia,Melbourne,2025-03-16T04:00:00+00:00,9693,10,81,McLaren,,9,34.0,21.021500000000003,88.226,11,13,2,HARD,1,5,130.89718181818182,83.242,15.707865168539326,18.942134831460674,1
Race,Australia,Melbourne,2025-03-16T04:00:00+00:00,9693,10,30,Red Bull Racing,,15,33.0,19.3245,93.76,12,6,-6,MEDIUM,0,7,110.78442857142856,82.97,15.707865168539326,18.942134831460674,1
Race,Australia,Melbourne,2025-03-16T04:00:00+00:00,9693,10,1,Red Bull Racing,,2,34.0,22.321000000000012,88.046,2,4,2,MEDIUM,0,5,117.46992307692307,83.081,15.707865168539326,18.942134831460674,1
Race,Australia,Melbourne,2025-03-16T04:00:00+00:00,9693,10,63,Mercedes,,3,34.0,27.251000000000005,90.553,6,8,2,HARD,0,5,120.90218181818183,85.065,15.707865168539326,18.942134831460674,1
Race,Australia,Melbourne,2025-03-16T04:00:00+00:00,9693,10,16,Ferrari,,8,34.0,23.486000000000004,93.966,4,4,0,HARD,1,5,118.00271428571429,85.271,15.707865168539326,18.942134831460674,1
Race,Australia,Melbourne,2025-03-16T04:00:00+00:00,9693,10,31,Haas F1 Team,,13,39.0,6.716999999999999,132.933,15,15,0,MEDIUM,0,5,102.80275,86.764,15.707865168539326,18.942134831460674,1
Race,Australia,Melbourne,2025-03-16T04:00:00+00:00,9693,10,4,McLaren,,1,44.0,16.299999999999997,82.167,3,5,2,INTERMEDIATE,0,6,107.37578571428571,87.126,15.707865168539326,18.942134831460674,1
Race,Australia,Melbourne,2025-03-16T04:00:00+00:00,9693,10,23,Williams,,4,44.0,14.75,84.597,6,8,2,INTERMEDIATE,0,6,107.6117857142857,89.944,15.707865168539326,18.942134831460674,1
Race,Australia,Melbourne,2025-03-16T04:00:00+00:00,9693,10,63,Mercedes,,3,44.0,15.540500000000009,85.065,6,8,2,INTERMEDIATE,0,6,107.44221428571429,89.117,15.707865168539326,18.942134831460674,1
Race,Australia,Melbourne,2025-03-16T04:00:00+00:00,9693,10,18,Aston Martin,,6,44.0,13.341000000000008,85.538,10,10,0,INTERMEDIATE,0,6,107.66314285714286,90.323,15.707865168539326,18.942134831460674,1
Race,Australia,Melbourne,2025-03-16T04:00:00+00:00,9693,10,27,Kick Sauber,,7,44.0,15.506,85.243,12,12,0,INTERMEDIATE,0,6,107.69021428571425,90.36,15.707865168539326,18.942134831460674,1
Race,Australia,Melbourne,2025-03-16T04:00:00+00:00,9693,10,12,Mercedes,,5,44.0,18.028999999999996,84.901,11,9,-2,INTERMEDIATE,0,6,107.24400000000001,88.149,15.707865168539326,18.942134831460674,1
Race,Australia,Melbourne,2025-03-16T04:00:00+00:00,9693,10,5,Kick Sauber,,16,44.0,22.358499999999992,84.192,15,13,-2,INTERMEDIATE,0,7,104.4185,96.255,15.707865168539326,18.942134831460674,1
Race,Australia,Melbourne,2025-03-16T04:00:00+00:00,9693,10,81,McLaren,,9,44.0,100.369,83.242,11,13,2,INTERMEDIATE,0,6,108.6417857142857,88.559,15.707865168539326,18.942134831460674,1
Race,Australia,Melbourne,2025-03-16T04:00:00+00:00,9693,10,87,Haas F1 Team,,14,44.0,26.543999999999997,91.057,17,15,-2,INTERMEDIATE,0,7,104.45764285714287,90.226,15.707865168539326,18.942134831460674,1
Race,Australia,Melbourne,2025-03-16T04:00:00+00:00,9693,10,1,Red Bull Racing,,2,46.0,2.5625,92.874,2,4,2,INTERMEDIATE,0,6,110.06358333333334,87.4,15.707865168539326,18.942134831460674,1
Race,Australia,Melbourne,2025-03-16T04:00:00+00:00,9693,10,10,Alpine,,11,46.0,6.214500000000001,92.969,5,7,2,INTERMEDIATE,0,6,111.40383333333334,90.866,15.707865168539326,18.942134831460674,1
Race,Australia,Melbourne,2025-03-16T04:00:00+00:00,9693,10,31,Haas F1 Team,,13,46.0,30.002499999999998,96.259,15,15,0,INTERMEDIATE,0,6,107.43533333333335,90.924,15.707865168539326,18.942134831460674,1
Race,Australia,Melbourne,2025-03-16T04:00:00+00:00,9693,10,44,Ferrari,,10,47.0,42.7285,96.714,2,4,2,INTERMEDIATE,0,6,112.42154545454547,89.874,15.707865168539326,18.942134831460674,1
Race,Australia,Melbourne,2025-03-16T04:00:00+00:00,9693,10,22,Racing Bulls,,12,47.0,44.68000000000001,100.978,4,6,2,INTERMEDIATE,0,6,112.65927272727272,91.511,15.707865168539326,18.942134831460674,1
Race,Australia,Melbourne,2025-03-16T04:00:00+00:00,9693,10,16,Ferrari,,8,47.0,46.22049999999999,96.429,4,4,0,INTERMEDIATE,0,6,111.8171818181818,89.801,15.707865168539326,18.942134831460674,1
Race,China,Shanghai,2025-03-23T07:00:00+00:00,9998,49,5,Kick Sauber,,17,2.0,6.144499999999994,123.976,17,19,2,HARD,0,2,100.10452000000001,97.965,27.21558441558442,35.81688311688312,0
Race,China,Shanghai,2025-03-23T07:00:00+00:00,9998,49,10,Alpine,,11,11.0,14.41149999999999,104.157,16,16,0,HARD,0,2,98.23606521739131,96.425,27.21558441558442,35.81688311688312,0
Race,China,Shanghai,2025-03-23T07:00:00+00:00,9998,49,22,Racing Bulls,,19,12.0,15.362500000000011,103.845,10,8,-2,HARD,0,2,99.07995833333332,97.646,27.21558441558442,35.81688311688312,0
Race,China,Shanghai,2025-03-23T07:00:00+00:00,9998,49,31,Haas F1 Team,,7,12.0,14.076999999999998,104.123,17,15,-2,HARD,0,2,97.8668888888889,95.74,27.21558441558442,35.81688311688312,0
Race,China,Shanghai,2025-03-23T07:00:00+00:00,9998,49,7,Alpine,,16,12.0,14.912999999999997,103.65,17,15,-2,HARD,0,2,98.36542222222221,96.424,27.21558441558442,35.81688311688312,0
Race,China,Shanghai,2025-03-23T07:00:00+00:00,9998,49,6,Racing Bulls,,14,13.0,16.183999999999997,103.647,17,15,-2,HARD,0,2,99.41771428571428,97.675,27.21558441558442,35.81688311688312,0
Race,China,Shanghai,2025-03-23T07:00:00+00:00,9998,49,12,Mercedes,,8,13.0,15.260000000000005,104.27,13,15,2,HARD,0,2,98.00763636363637,96.046,27.21558441558442,35.81688311688312,0
Race,China,Shanghai,2025-03-23T07:00:00+00:00,9998,49,44,Ferrari,,6,14.0,15.199999999999989,103.379,10,8,-2,HARD,0,2,98.451125,96.957,27.21558441558442,35.81688311688312,0
Race,China,Shanghai,2025-03-23T07:00:00+00:00,9998,49,1,Red Bull Racing,,4,14.0,15.285999999999987,102.61,11,11,0,HARD,0,2,97.21113953488374,95.488,27.21558441558442,35.81688311688312,0
Race,China,Shanghai,2025-03-23T07:00:00+00:00,9998,49,81,McLaren,,1,15.0,17.513499999999993,102.626,3,2,-1,HARD,0,2,97.11702380952381,95.52,27.21558441558442,35.81688311688312,0
Race,China,Shanghai,2025-03-23T07:00:00+00:00,9998,49,63,Mercedes,,3,15.0,14.307000000000002,103.046,8,6,-2,HARD,0,2,97.24952380952381,95.816,27.21558441558442,35.81688311688312,0
Race,China,Shanghai,2025-03-23T07:00:00+00:00,9998,49,4,McLaren,,2,16.0,15.306499999999986,103.269,3,5,2,HARD,0,2,97.24612195121951,95.454,27.21558441558442,35.81688311688312,0
Race,China,Shanghai,2025-03-23T07:00:00+00:00,9998,49,16,Ferrari,,5,16.0,14.989500000000007,102.863,6,8,2,HARD,0,2,97.44717073170732,96.157,27.21558441558442,35.81688311688312,0
Race,China,Shanghai,2025-03-23T07:00:00+00:00,9998,49,55,Williams,,13,18.0,14.852499999999992,105.121,8,10,2,HARD,0,2,98.22071794871796,96.779,27.21558441558442,35.81688311688312,0
Race,China,Shanghai,2025-03-23T07:00:00+00:00,9998,49,30,Red Bull Racing,,15,19.0,15.43350000000001,103.77,11,13,2,MEDIUM,0,2,99.83933333333333,97.626,27.21558441558442,35.81688311688312,0
Race,China,Shanghai,2025-03-23T07:00:00+00:00,9998,49,23,Williams,,9,21.0,17.152500000000003,104.708,5,7,2,HARD,0,2,97.78033333333333,96.254,27.21558441558442,35.81688311688312,0
Race,China,Shanghai,2025-03-23T07:00:00+00:00,9998,49,27,Kick Sauber,,18,21.0,16.290999999999997,105.305,11,13,2,HARD,0,2,98.73648571428572,97.275,27.21558441558442,35.81688311688312,0
Race,China,Shanghai,2025-03-23T07:00:00+00:00,9998,49,87,Haas F1 Team,,10,27.0,14.534000000000006,103.8,8,8,0,MEDIUM,0,2,97.49199999999999,96.363,27.21558441558442,35.81688311688312,0
Race,China,Shanghai,2025-03-23T07:00:00+00:00,9998,49,5,Kick Sauber,,17,27.0,16.316999999999993,103.974,17,19,2,HARD,0,3,97.91420689655173,95.874,27.21558441558442,35.81688311688312,0
Race,China,Shanghai,2025-03-23T07:00:00+00:00,9998,49,30,Red Bull Racing,,15,31.0,15.864499999999992,102.962,11,13,2,HARD,0,3,97.44096153846155,95.985,27.21558441558442,35.81688311688312,0
Race,China,Shanghai,2025-03-23T07:00:00+00:00,9998,49,6,Racing Bulls,,14,34.0,14.479,102.744,17,15,-2,HARD,0,3,97.71678260869565,95.868,27.21558441558442,35.81688311688312,0
Race,China,Shanghai,2025-03-23T07:00:00+00:00,9998,49,22,Racing Bulls,,19,36.0,15.242500000000007,102.522,10,8,-2,HARD,0,3,99.39427272727272,96.499,27.21558441558442,35.81688311688312,0
Race,China,Shanghai,2025-03-23T07:00:00+00:00,9998,49,18,Aston Martin,,12,37.0,14.615000000000009,102.687,4,4,0,MEDIUM,0,2,97.6613,96.044,27.21558441558442,35.81688311688312,0
Race,China,Shanghai,2025-03-23T07:00:00+00:00,9998,49,44,Ferrari,,6,38.0,14.357,102.451,10,8,-2,HARD,0,3,96.3892105263158,95.069,27.21558441558442,35.81688311688312,0
Race,China,Shanghai,2025-03-23T07:00:00+00:00,9998,49,22,Racing Bulls,,19,47.0,34.40899999999999,106.754,10,8,-2,MEDIUM,6,4,100.96944444444443,95.871,27.21558441558442,35.81688311688312,0
Race,Japan,Suzuka,2025-04-06T05:00:00+00:00,10006,46,18,Aston Martin,,20,10.0,18.806999999999988,97.946,19,19,0,HARD,1,2,95.43133333333333,93.625,14.429999999999998,20.514285714285716,0
Race,Japan,Suzuka,2025-04-06T05:00:00+00:00,10006,46,7,Alpine,,15,16.0,19.043499999999995,97.254,18,16,-2,HARD,0,2,93.86584210526317,92.685,14.429999999999998,20.514285714285716,0
Race,Japan,Suzuka,2025-04-06T05:00:00+00:00,10006,46,63,Mercedes,,5,20.0,18.41550000000001,95.756,12,12,0,HARD,0,2,92.77794117647058,91.357,14.429999999999998,20.514285714285716,0
Race,Japan,Suzuka,2025-04-06T05:00:00+00:00,10006,46,81,McLaren,,3,21.0,18.43350000000001,95.359,8,8,0,HARD,0,2,92.45275757575759,91.039,14.429999999999998,20.514285714285716,0
Race,Japan,Suzuka,2025-04-06T05:00:00+00:00,10006,46,1,Red Bull Racing,,1,22.0,20.12700000000001,95.22,4,4,0,HARD,0,2,92.49584375,91.041,14.429999999999998,20.514285714285716,0
Race,Japan,Suzuka,2025-04-06T05:00:00+00:00,10006,46,4,McLaren,,2,22.0,20.920500000000004,95.034,5,5,0,HARD,0,2,92.49878125000001,91.116,14.429999999999998,20.514285714285716,0
Race,Japan,Suzuka,2025-04-06T05:00:00+00:00,10006,46,16,Ferrari,,4,22.0,18.92450000000001,95.423,8,10,2,HARD,0,2,92.763625,91.469,14.429999999999998,20.514285714285716,0
Race,Japan,Suzuka,2025-04-06T05:00:00+00:00,10006,46,27,Kick Sauber,,16,23.0,19.6905,96.739,18,18,0,HARD,0,2,93.85909677419356,92.572,14.429999999999998,20.514285714285716,0
Race,Japan,Suzuka,2025-04-06T05:00:00+00:00,10006,46,87,Haas F1 Team,,10,24.0,19.914500000000004,96.245,10,12,2,HARD,1,2,93.31136666666667,92.006,14.429999999999998,20.514285714285716,0
Race,Japan,Suzuka,2025-04-06T05:00:00+00:00,10006,46,22,Red Bull Racing,,12,24.0,19.57199999999999,96.396,14,16,2,HARD,0,2,93.22930000000002,91.871,14.429999999999998,20.514285714285716,0
Race,Japan,Suzuka,2025-04-06T05:00:00+00:00,10006,46,23,Williams,,9,25.0,20.741,96.927,7,9,2,HARD,0,2,92.99475862068967,91.125,14.429999999999998,20.514285714285716,0
Race,Japan,Suzuka,2025-04-06T05:00:00+00:00,10006,46,14,Aston Martin,,11,25.0,21.331999999999994,97.548,8,10,2,HARD,1,2,93.26548275862069,91.77,14.429999999999998,20.514285714285716,0
Race,Japan,Suzuka,2025-04-06T05:00:00+00:00,10006,46,10,Alpine,,13,25.0,25.031499999999994,96.901,11,13,2,HARD,0,2,93.32165517241381,91.82,14.429999999999998,20.514285714285716,0
Race,Japan,Suzuka,2025-04-06T05:00:00+00:00,10006,46,6,Racing Bulls,,8,26.0,20.878,96.218,5,7,2,HARD,0,2,92.99342857142857,91.317,14.429999999999998,20.514285714285716,0
Race,Japan,Suzuka,2025-04-06T05:00:00+00:00,10006,46,44,Ferrari,,7,31.0,18.367499999999993,96.186,2,4,2,MEDIUM,0,2,92.75017391304347,91.406,14.429999999999998,20.514285714285716,0
Race,Japan,Suzuka,2025-04-06T05:00:00+00:00,10006,46,18,Aston Martin,,20,31.0,19.202500000000015,95.972,19,19,0,MEDIUM,0,3,93.77209090909092,92.052,14.429999999999998,20.514285714285716,0
Race,Japan,Suzuka,2025-04-06T05:00:00+00:00,10006,46,12,Mercedes,,6,32.0,22.099000000000004,95.456,1,3,2,HARD,0,2,92.492,90.965,14.429999999999998,20.514285714285716,0
Race,Japan,Suzuka,2025-04-06T05:00:00+00:00,10006,46,5,Kick Sauber,,19,32.0,19.706999999999994,97.484,15,12,-3,MEDIUM,0,2,93.54109090909091,92.034,14.429999999999998,20.514285714285716,0
Race,Japan,Suzuka,2025-04-06T05:00:00+00:00,10006,46,31,Haas F1 Team,,18,33.0,20.3125,96.135,12,14,2,MEDIUM,0,2,93.62619047619047,91.967,14.429999999999998,20.514285714285716,0
Race,Japan,Suzuka,2025-04-06T05:00:00+00:00,10006,46,55,Williams,,14,34.0,18.99199999999999,96.256,11,13,2,SOFT,0,2,93.1703,91.106,14.429999999999998,20.514285714285716,0
Race,Japan,Suzuka,2025-04-06T05:00:00+00:00,10006,46,30,Racing Bulls,,17,34.0,19.908500000000004,96.455,9,11,2,SOFT,0,2,93.7097,92.043,14.429999999999998,20.514285714285716,0
Race,Bahrain,Sakhir,2025-04-13T15:00:00+00:00,10014,63,27,Kick Sauber,,13,6.0,17.669999999999987,101.958,16,16,0,MEDIUM,0,2,100.38859090909091,97.95,27.052531645569626,31.870253164556964,0
Race,Bahrain,Sakhir,2025-04-13T15:00:00+00:00,10014,63,6,Racing Bulls,,14,7.0,18.91300000000001,102.366,17,12,-5,MEDIUM,0,2,100.27131818181819,97.392,27.052531645569626,31.870253164556964,0
Race,Bahrain,Sakhir,2025-04-13T15:00:00+00:00,10014,63,31,Haas F1 Team,,8,9.0,17.6845,102.51,8,6,-2,MEDIUM,0,2,99.75705263157894,97.553,27.052531645569626,31.870253164556964,0
Race,Bahrain,Sakhir,2025-04-13T15:00:00+00:00,10014,63,7,Alpine,,15,10.0,17.44399999999999,103.531,9,8,-1,MEDIUM,0,2,100.00899999999997,97.745,27.052531645569626,31.870253164556964,0
Race,Bahrain,Sakhir,2025-04-13T15:00:00+00:00,10014,63,4,McLaren,,3,11.0,23.150499999999994,101.534,7,5,-2,MEDIUM,0,2,99.75959090909092,97.453,27.052531645569626,31.870253164556964,0
Race,Bahrain,Sakhir,2025-04-13T15:00:00+00:00,10014,63,1,Red Bull Racing,,6,11.0,19.6695,103.293,7,9,2,HARD,0,2,100.3335625,97.204,27.052531645569626,31.870253164556964,0
Race,Bahrain,Sakhir,2025-04-13T15:00:00+00:00,10014,63,10,Alpine,,7,11.0,17.058499999999995,104.215,11,8,-3,MEDIUM,0,2,99.65777777777777,97.388,27.052531645569626,31.870253164556964,0
Race,Bahrain,Sakhir,2025-04-13T15:00:00+00:00,10014,63,22,Red Bull Racing,,9,12.0,20.888000000000005,102.023,19,17,-2,MEDIUM,0,2,101.17090476190477,98.009,27.052531645569626,31.870253164556964,0
Race,Bahrain,Sakhir,2025-04-13T15:00:00+00:00,10014,63,12,Mercedes,,11,13.0,19.903999999999996,101.886,14,14,0,MEDIUM,0,2,100.33980000000001,97.732,27.052531645569626,31.870253164556964,0
Race,Bahrain,Sakhir,2025-04-13T15:00:00+00:00,10014,63,18,Aston Martin,,18,13.0,16.828000000000003,102.834,19,17,-2,MEDIUM,0,2,101.857,98.667,27.052531645569626,31.870253164556964,0
Race,Bahrain,Sakhir,2025-04-13T15:00:00+00:00,10014,63,63,Mercedes,,2,14.0,17.4675,101.867,7,9,2,MEDIUM,0,2,99.69057894736842,97.653,27.052531645569626,31.870253164556964,0
Race,Bahrain,Sakhir,2025-04-13T15:00:00+00:00,10014,63,5,Kick Sauber,,19,14.0,17.950000000000003,102.993,14,16,2,HARD,0,2,102.22031578947367,98.456,27.052531645569626,31.870253164556964,0
Race,Bahrain,Sakhir,2025-04-13T15:00:00+00:00,10014,63,81,McLaren,,1,15.0,19.175999999999988,101.297,5,1,-4,MEDIUM,0,2,99.46527777777777,97.142,27.052531645569626,31.870253164556964,0
Race,Bahrain,Sakhir,2025-04-13T15:00:00+00:00,10014,63,55,Williams,,20,15.0,18.372,102.908,15,12,-3,MEDIUM,0,2,101.15316666666666,96.954,27.052531645569626,31.870253164556964,0
Race,Bahrain,Sakhir,2025-04-13T15:00:00+00:00,10014,63,87,Haas F1 Team,,10,15.0,16.790000000000006,102.596,14,16,2,HARD,0,2,101.35700000000001,97.48,27.052531645569626,31.870253164556964,0
Race,Bahrain,Sakhir,2025-04-13T15:00:00+00:00,10014,63,30,Racing Bulls,,17,15.0,19.88600000000001,103.984,18,16,-2,HARD,0,2,102.06,97.86,27.052531645569626,31.870253164556964,0
Race,Bahrain,Sakhir,2025-04-13T15:00:00+00:00,10014,63,23,Williams,,12,17.0,19.796499999999995,102.382,12,14,2,HARD,0,2,101.539,97.209,27.052531645569626,31.870253164556964,0
Race,Bahrain,Sakhir,2025-04-13T15:00:00+00:00,10014,63,14,Aston Martin,,16,17.0,17.436000000000007,103.567,16,18,2,MEDIUM,0,2,101.6550625,97.955,27.052531645569626,31.870253164556964,0
Race,Bahrain,Sakhir,2025-04-13T15:00:00+00:00,10014,63,16,Ferrari,,4,18.0,18.59899999999999,101.56,2,2,0,MEDIUM,0,2,99.85853333333333,96.876,27.052531645569626,31.870253164556964,0
Race,Bahrain,Sakhir,2025-04-13T15:00:00+00:00,10014,63,44,Ferrari,,5,18.0,18.646,101.684,7,9,2,MEDIUM,0,2,100.2256,96.798,27.052531645569626,31.870253164556964,0
Race,Bahrain,Sakhir,2025-04-13T15:00:00+00:00,10014,63,1,Red Bull Racing,,6,27.0,20.256,102.488,7,9,2,MEDIUM,0,3,102.27609677419353,96.167,27.052531645569626,31.870253164556964,0
Race,Bahrain,Sakhir,2025-04-13T15:00:00+00:00,10014,63,12,Mercedes,,11,28.0,19.708,101.768,14,14,0,SOFT,3,3,106.96,96.69,27.052531645569626,31.870253164556964,0
Race,Bahrain,Sakhir,2025-04-13T15:00:00+00:00,10014,63,31,Haas F1 Team,,8,28.0,18.910999999999987,101.961,8,6,-2,HARD,0,3,102.83863333333332,97.098,27.052531645569626,31.870253164556964,0
Race,Bahrain,Sakhir,2025-04-13T15:00:00+00:00,10014,63,27,Kick Sauber,,13,28.0,18.705,102.461,16,16,0,MEDIUM,0,3,102.41453333333335,97.338,27.052531645569626,31.870253164556964,0
Race,Bahrain,Sakhir,2025-04-13T15:00:00+00:00,10014,63,10,Alpine,,7,29.0,18.966000000000008,101.166,11,8,-3,HARD,0,3,102.9146551724138,96.531,27.052531645569626,31.870253164556964,0
Race,Bahrain,Sakhir,2025-04-13T15:00:00+00:00,10014,63,7,Alpine,,15,29.0,18.266499999999994,101.908,9,8,-1,HARD,0,3,103.06579310344827,96.682,27.052531645569626,31.870253164556964,0
Race,Bahrain,Sakhir,2025-04-13T15:00:00+00:00,10014,63,6,Racing Bulls,,14,29.0,18.67200000000001,102.076,17,12,-5,HARD,0,3,102.78037931034486,96.952,27.052531645569626,31.870253164556964,0
Race,Bahrain,Sakhir,2025-04-13T15:00:00+00:00,10014,63,81,McLaren,,1,33.0,41.4375,108.702,5,1,-4,MEDIUM,0,3,102.7228,95.14,27.052531645569626,31.870253164556964,0
Race,Bahrain,Sakhir,2025-04-13T15:00:00+00:00,10014,63,63,Mercedes,,2,33.0,32.036,111.016,7,9,2,SOFT,3,3,102.9632,95.518,27.052531645569626,31.870253164556964,0
Race,Bahrain,Sakhir,2025-04-13T15:00:00+00:00,10014,63,16,Ferrari,,4,33.0,32.656499999999994,111.116,2,2,0,HARD,0,3,103.073,96.132,27.052531645569626,31.870253164556964,0
Race,Bahrain,Sakhir,2025-04-13T15:00:00+00:00,10014,63,4,McLaren,,3,33.0,30.912500000000023,111.704,7,5,-2,MEDIUM,0,3,102.83044,95.728,27.052531645569626,31.870253164556964,0
Race,Bahrain,Sakhir,2025-04-13T15:00:00+00:00,10014,63,44,Ferrari,,5,33.0,27.936999999999983,115.663,7,9,2,HARD,0,3,102.77988,96.235,27.052531645569626,31.870253164556964,0
Race,Bahrain,Sakhir,2025-04-13T15:00:00+00:00,10014,63,55,Williams,,20,33.0,32.22600000000001,123.071,15,12,-3,HARD,0,3,108.30691666666668,97.832,27.052531645569626,31.870253164556964,0
Race,Bahrain,Sakhir,2025-04-13T15:00:00+00:00,10014,63,22,Red Bull Racing,,9,33.0,31.62599999999999,123.721,19,17,-2,SOFT,0,3,102.34928,97.225,27.052531645569626,31.870253164556964,0
Race,Bahrain,Sakhir,2025-04-13T15:00:00+00:00,10014,63,87,Haas F1 Team,,10,33.0,29.299500000000023,126.958,14,16,2,SOFT,0,3,102.256,97.303,27.052531645569626,31.870253164556964,0
Race,Bahrain,Sakhir,2025-04-13T15:00:00+00:00,10014,63,12,Mercedes,,11,33.0,33.21499999999999,124.952,14,14,0,SOFT,3,4,102.12364,96.985,27.052531645569626,31.870253164556964,0
Race,Bahrain,Sakhir,2025-04-13T15:00:00+00:00,10014,63,23,Williams,,12,33.0,30.081000000000017,127.594,12,14,2,MEDIUM,0,3,102.32648,97.141,27.052531645569626,31.870253164556964,0
Race,Bahrain,Sakhir,2025-04-13T15:00:00+00:00,10014,63,14,Aston Martin,,16,33.0,32.69149999999999,126.361,16,18,2,HARD,0,3,102.49612,97.906,27.052531645569626,31.870253164556964,0
Race,Bahrain,Sakhir,2025-04-13T15:00:00+00:00,10014,63,30,Racing Bulls,,17,33.0,32.40450000000001,129.302,18,16,-2,SOFT,0,3,101.59487999999999,97.38,27.052531645569626,31.870253164556964,0
Race,Bahrain,Sakhir,2025-04-13T15:00:00+00:00,10014,63,18,Aston Martin,,18,33.0,31.6875,130.743,19,17,-2,HARD,0,3,102.20559999999999,98.064,27.052531645569626,31.870253164556964,0
Race,Bahrain,Sakhir,2025-04-13T15:00:00+00:00,10014,63,5,Kick Sauber,,19,33.0,32.332499999999996,132.657,14,16,2,MEDIUM,0,3,101.96088,98.006,27.052531645569626,31.870253164556964,0
Race,Bahrain,Sakhir,2025-04-13T15:00:00+00:00,10014,63,55,Williams,,20,45.0,,103.871,15,12,-3,SOFT,3,4,132.35,132.35,27.052531645569626,31.870253164556964,0
Race,Saudi Arabia,Jeddah,2025-04-20T17:00:00+00:00,10022,149,7,Alpine,,17,2.0,7.34650000000002,148.695,13,13,0,HARD,0,2,100.43216129032258,95.407,29.483802816901402,37.819718309859155,0
Race,Saudi Arabia,Jeddah,2025-04-20T17:00:00+00:00,10022,149,81,McLaren,,1,20.0,15.483499999999992,96.45,6,4,-2,HARD,0,2,93.44729032258064,92.228,29.483802816901402,37.819718309859155,0
Race,Saudi Arabia,Jeddah,2025-04-20T17:00:00+00:00,10022,149,1,Red Bull Racing,,2,22.0,20.525999999999996,96.5,3,5,2,HARD,0,2,93.599,92.28,29.483802816901402,37.819718309859155,0
Race,Saudi Arabia,Jeddah,2025-04-20T17:00:00+00:00,10022,149,27,Kick Sauber,,15,34.0,13.837000000000003,98.006,10,12,2,MEDIUM,0,2,95.2011875,93.446,29.483802816901402,37.819718309859155,0
Race,Saudi Arabia,Jeddah,2025-04-20T17:00:00+00:00,10022,149,18,Aston Martin,,16,40.0,14.0595,99.544,10,12,2,MEDIUM,1,2,95.3745,92.745,29.483802816901402,37.819718309859155,0
Race,Saudi Arabia,Jeddah,2025-04-20T17:00:00+00:00,10022,149,16,Ferrari,,3,30.0,16.242500000000007,96.062,2,2,0,HARD,0,2,93.33052380952381,92.192,29.483802816901402,37.819718309859155,0
Race,Saudi Arabia,Jeddah,2025-04-20T17:00:00+00:00,10022,149,4,McLaren,,4,35.0,15.598500000000001,96.105,5,3,-2,MEDIUM,0,2,93.267,91.778,29.483802816901402,37.819718309859155,0
Race,Saudi Arabia,Jeddah,2025-04-20T17:00:00+00:00,10022,149,7,Alpine,,17,33.0,17.858999999999995,98.193,13,13,0,HARD,0,3,95.54364705882352,93.15,29.483802816901402,37.819718309859155,0
Race,Saudi Arabia,Jeddah,2025-04-20T17:00:00+00:00,10022,149,5,Kick Sauber,,18,2.0,7.649499999999989,150.258,16,16,0,HARD,0,2,98.66899999999998,94.447,29.483802816901402,37.819718309859155,0
Race,Saudi Arabia,Jeddah,2025-04-20T17:00:00+00:00,10022,149,63,Mercedes,,5,21.0,15.252499999999998,96.707,6,6,0,HARD,0,2,94.12753333333333,92.893,29.483802816901402,37.819718309859155,0
Race,Saudi Arabia,Jeddah,2025-04-20T17:00:00+00:00,10022,149,12,Mercedes,,6,20.0,15.618500000000012,98.932,9,11,2,HARD,0,2,94.0762258064516,92.396,29.483802816901402,37.819718309859155,0
Race,Saudi Arabia,Jeddah,2025-04-20T17:00:00+00:00,10022,149,44,Ferrari,,7,24.0,15.849499999999992,97.866,5,5,0,HARD,0,2,93.98633333333335,92.6,29.483802816901402,37.819718309859155,0
Race,Saudi Arabia,Jeddah,2025-04-20T17:00:00+00:00,10022,149,55,Williams,,8,22.0,19.7025,97.788,11,13,2,HARD,0,2,94.77634482758621,92.466,29.483802816901402,37.819718309859155,0
Race,Saudi Arabia,Jeddah,2025-04-20T17:00:00+00:00,10022,149,23,Williams,,9,23.0,17.217,98.088,11,13,2,HARD,0,2,94.68253571428569,93.477,29.483802816901402,37.819718309859155,0
Race,Saudi Arabia,Jeddah,2025-04-20T17:00:00+00:00,10022,149,6,Racing Bulls,,10,35.0,15.234499999999997,96.999,9,7,-2,MEDIUM,0,2,94.7140625,93.257,29.483802816901402,37.819718309859155,0
Race,Saudi Arabia,Jeddah,2025-04-20T17:00:00+00:00,10022,149,30,Racing Bulls,,12,21.0,15.680000000000007,97.855,13,15,2,HARD,1,2,94.67593333333335,92.998,29.483802816901402,37.819718309859155,0
Race,Saudi Arabia,Jeddah,2025-04-20T17:00:00+00:00,10022,149,14,Aston Martin,,11,20.0,15.962500000000006,98.587,16,16,0,HARD,1,2,94.86329032258065,93.009,29.483802816901402,37.819718309859155,0
Race,Saudi Arabia,Jeddah,2025-04-20T17:00:00+00:00,10022,149,87,Haas F1 Team,,13,19.0,16.72,98.409,16,18,2,HARD,0,2,94.90065625,93.238,29.483802816901402,37.819718309859155,0
Race,Saudi Arabia,Jeddah,2025-04-20T17:00:00+00:00,10022,149,31,Haas F1 Team,,14,2.0,7.539500000000004,149.867,12,12,0,HARD,0,2,98.30761224489797,94.309,29.483802816901402,37.819718309859155,0
Race,United States,Miami Gardens,2025-05-04T20:00:00+00:00,10033,151,5,Kick Sauber,,18,24.0,,,17,17,0,HARD,4,2,103.63083333333333,92.42,26.573154362416112,38.69060402684564,1
Race,United States,Miami Gardens,2025-05-04T20:00:00+00:00,10033,151,31,Haas F1 Team,,12,24.0,,,12,14,2,HARD,0,2,93.74784848484849,91.122,26.573154362416112,38.69060402684564,1
Race,United States,Miami Gardens,2025-05-04T20:00:00+00:00,10033,151,6,Racing Bulls,,11,24.0,,,15,15,0,HARD,1,2,93.55712121212122,90.971,26.573154362416112,38.69060402684564,1
Race,United States,Miami Gardens,2025-05-04T20:00:00+00:00,10033,151,18,Aston Martin,,16,24.0,,,16,18,2,HARD,4,2,94.6694375,91.769,26.573154362416112,38.69060402684564,1
Race,United States,Miami Gardens,2025-05-04T20:00:00+00:00,10033,151,63,Mercedes,,3,33.0,27.646,91.208,4,4,0,MEDIUM,3,2,91.956,90.516,26.573154362416112,38.69060402684564,1
Race,United States,Miami Gardens,2025-05-04T20:00:00+00:00,10033,151,14,Aston Martin,,15,33.0,14.277000000000001,101.254,15,13,-2,MEDIUM,5,2,93.13579166666666,91.287,26.573154362416112,38.69060402684564,1
Race,United States,Miami Gardens,2025-05-04T20:00:00+00:00,10033,151,10,Alpine,,13,33.0,28.400999999999996,98.57,13,11,-2,MEDIUM,0,2,92.92772,91.159,26.573154362416112,38.69060402684564,1
Race,United States,Miami Gardens,2025-05-04T20:00:00+00:00,10033,151,81,McLaren,,1,33.0,16.454499999999996,90.211,4,2,-2,HARD,3,2,91.43611999999999,89.822,26.573154362416112,38.69060402684564,1
Race,United States,Miami Gardens,2025-05-04T20:00:00+00:00,10033,151,12,Mercedes,,6,33.0,28.36999999999999,91.967,6,8,2,HARD,7,2,92.30092,90.807,26.573154362416112,38.69060402684564,1
Race,United States,Miami Gardens,2025-05-04T20:00:00+00:00,10033,151,23,Williams,,5,33.0,28.221999999999994,91.514,5,7,2,HARD,6,2,92.0818,90.482,26.573154362416112,38.69060402684564,1
Race,United States,Miami Gardens,2025-05-04T20:00:00+00:00,10033,151,16,Ferrari,,7,33.0,29.593999999999994,91.641,7,7,0,HARD,3,2,92.15508000000001,90.461,26.573154362416112,38.69060402684564,1
Race,United States,Miami Gardens,2025-05-04T20:00:00+00:00,10033,151,22,Red Bull Racing,,10,33.0,26.388500000000008,93.002,8,10,2,HARD,5,2,92.37971999999999,90.964,26.573154362416112,38.69060402684564,1
Race,United States,Miami Gardens,2025-05-04T20:00:00+00:00,10033,151,4,McLaren,,2,33.0,21.39399999999999,90.414,6,4,-2,HARD,3,2,91.32440000000001,89.746,26.573154362416112,38.69060402684564,1
Race,United States,Miami Gardens,2025-05-04T20:00:00+00:00,10033,151,55,Williams,,9,33.0,29.665000000000006,91.597,10,10,0,HARD,7,2,92.32436,90.703,26.573154362416112,38.69060402684564,1
Race,United States,Miami Gardens,2025-05-04T20:00:00+00:00,10033,151,44,Ferrari,,8,33.0,29.099500000000006,91.221,7,7,0,MEDIUM,4,2,92.24036,90.562,26.573154362416112,38.69060402684564,1
Race,United States,Miami Gardens,2025-05-04T20:00:00+00:00,10033,151,30,Racing Bulls,,17,32.0,15.930000000000007,92.361,17,19,2,MEDIUM,3,2,101.2664,92.855,26.573154362416112,38.69060402684564,1
Race,United States,Miami Gardens,2025-05-04T20:00:00+00:00,10033,151,1,Red Bull Racing,,4,33.0,27.746999999999986,91.781,3,5,2,HARD,6,2,91.9338,90.466,26.573154362416112,38.69060402684564,1
Race,United States,Miami Gardens,2025-05-04T20:00:00+00:00,10033,151,27,Kick Sauber,,14,37.0,10.680499999999995,97.202,10,10,0,MEDIUM,0,2,92.03549999999998,91.015,26.573154362416112,38.69060402684564,1
Race,Italy,Imola,2025-05-18T13:00:00+00:00,9987,6,31,Haas F1 Team,,20,2.0,15.334999999999994,96.891,19,19,0,HARD,0,2,83.30146153846152,81.413,23.964666666666666,42.664,0
Race,Italy,Imola,2025-05-18T13:00:00+00:00,9987,6,16,Ferrari,,6,11.0,18.825999999999993,86.751,13,11,-2,HARD,0,2,83.84810526315789,80.505,23.964666666666666,42.664,0
Race,Italy,Imola,2025-05-18T13:00:00+00:00,9987,6,63,Mercedes,,7,12.0,18.400999999999996,89.274,15,15,0,HARD,0,2,84.4165,81.334,23.964666666666666,42.664,0
Race,Italy,Imola,2025-05-18T13:00:00+00:00,9987,6,55,Williams,,8,12.0,18.573499999999996,88.303,17,15,-2,HARD,0,2,84.74572222222223,81.268,23.964666666666666,42.664,0
Race,Italy,Imola,2025-05-18T13:00:00+00:00,9987,6,10,Alpine,,13,10.0,21.585000000000008,86.399,19,19,0,HARD,0,2,84.933,81.243,23.964666666666666,42.664,0
Race,Italy,Imola,2025-05-18T13:00:00+00:00,9987,6,30,Racing Bulls,,14,11.0,21.500499999999988,86.2,16,18,2,HARD,0,2,85.21231578947366,81.245,23.964666666666666,42.664,0
Race,Italy,Imola,2025-05-18T13:00:00+00:00,9987,6,5,Kick Sauber,,18,13.0,21.18850000000002,87.591,12,14,2,HARD,0,2,85.69811764705884,81.886,23.964666666666666,42.664,0
Race,Italy,Imola,2025-05-18T13:00:00+00:00,9987,6,81,McLaren,,3,14.0,21.5445,86.205,11,9,-2,HARD,0,2,85.93476470588234,80.698,23.964666666666666,42.664,0
Race,Italy,Imola,2025-05-18T13:00:00+00:00,9987,6,87,Haas F1 Team,,17,30.0,34.559,108.72,10,10,0,MEDIUM,0,2,111.1435,88.912,23.964666666666666,42.664,0
Race,Italy,Imola,2025-05-18T13:00:00+00:00,9987,6,12,Mercedes,,19,30.0,37.17399999999999,105.993,5,7,2,MEDIUM,0,2,84.80846666666667,80.62,23.964666666666666,42.664,0
Race,Italy,Imola,2025-05-18T13:00:00+00:00,9987,6,1,Red Bull Racing,,1,30.0,37.74250000000001,92.728,3,1,-2,HARD,0,2,84.90547058823529,79.513,23.964666666666666,42.664,0
Race,Italy,Imola,2025-05-18T13:00:00+00:00,9987,6,4,McLaren,,2,29.0,25.126999999999995,86.185,5,7,2,HARD,0,2,86.01338888888888,79.466,23.964666666666666,42.664,0
Race,Italy,Imola,2025-05-18T13:00:00+00:00,9987,6,44,Ferrari,,4,30.0,43.408500000000004,105.548,7,7,0,MEDIUM,0,2,85.55635294117647,79.473,23.964666666666666,42.664,0
Race,Italy,Imola,2025-05-18T13:00:00+00:00,9987,6,6,Racing Bulls,,9,30.0,36.343,106.215,9,6,-3,HARD,0,2,86.22552941176471,80.295,23.964666666666666,42.664,0
Race,Italy,Imola,2025-05-18T13:00:00+00:00,9987,6,14,Aston Martin,,11,13.0,19.739500000000007,86.152,15,15,0,HARD,1,2,86.01097058823531,81.367,23.964666666666666,42.664,0
Race,Italy,Imola,2025-05-18T13:00:00+00:00,9987,6,18,Aston Martin,,15,15.0,21.0685,87.014,13,15,2,HARD,1,2,86.265125,81.553,23.964666666666666,42.664,0
Race,Italy,Imola,2025-05-18T13:00:00+00:00,9987,6,43,Alpine,,16,23.0,21.875,87.193,8,10,2,HARD,0,2,87.332625,80.798,23.964666666666666,42.664,0
Race,Italy,Imola,2025-05-18T13:00:00+00:00,9987,6,5,Kick Sauber,,18,30.0,25.900999999999996,116.575,12,14,2,HARD,0,3,86.74305882352941,81.039,23.964666666666666,42.664,0
Race,Italy,Imola,2025-05-18T13:00:00+00:00,9987,6,23,Williams,,5,30.0,37.510000000000005,103.058,4,4,0,HARD,0,2,87.36127777777779,80.384,23.964666666666666,42.664,0
Race,Italy,Imola,2025-05-18T13:00:00+00:00,9987,6,1,Red Bull Racing,,1,47.0,21.240999999999985,94.977,3,1,-2,HARD,0,3,98.84170588235294,77.988,23.964666666666666,42.664,0
Race,Italy,Imola,2025-05-18T13:00:00+00:00,9987,6,4,McLaren,,2,47.0,26.9495,102.996,5,7,2,HARD,1,3,97.64229411764707,78.311,23.964666666666666,42.664,0
Race,Italy,Imola,2025-05-18T13:00:00+00:00,9987,6,81,McLaren,,3,31.0,8.649500000000003,115.029,11,9,-2,HARD,0,3,90.28875757575757,78.894,23.964666666666666,42.664,0
Race,Italy,Imola,2025-05-18T13:00:00+00:00,9987,6,44,Ferrari,,4,47.0,26.041499999999985,111.555,7,7,0,HARD,0,3,96.17570588235293,78.265,23.964666666666666,42.664,0
Race,Italy,Imola,2025-05-18T13:00:00+00:00,9987,6,23,Williams,,5,48.0,6.566999999999993,116.404,4,4,0,HARD,0,3,95.834625,78.289,23.964666666666666,42.664,0
Race,Italy,Imola,2025-05-18T13:00:00+00:00,9987,6,16,Ferrari,,6,30.0,40.664500000000004,106.742,13,11,-2,HARD,0,3,90.90079411764707,79.048,23.964666666666666,42.664,0
Race,Italy,Imola,2025-05-18T13:00:00+00:00,9987,6,63,Mercedes,,7,30.0,37.51650000000001,108.463,15,15,0,HARD,0,3,90.72279411764706,79.733,23.964666666666666,42.664,0
Race,Italy,Imola,2025-05-18T13:00:00+00:00,9987,6,55,Williams,,8,30.0,34.542,110.594,17,15,-2,HARD,0,3,90.5374411764706,79.836,23.964666666666666,42.664,0
Race,Italy,Imola,2025-05-18T13:00:00+00:00,9987,6,6,Racing Bulls,,9,47.0,26.593500000000006,114.69,9,6,-3,HARD,0,3,96.11888235294118,79.473,23.964666666666666,42.664,0
Race,Italy,Imola,2025-05-18T13:00:00+00:00,9987,6,22,Red Bull Racing,,10,30.0,33.640000000000015,110.958,12,12,0,MEDIUM,0,2,90.65791176470587,80.039,23.964666666666666,42.664,0
Race,Italy,Imola,2025-05-18T13:00:00+00:00,9987,6,14,Aston Martin,,11,47.0,15.873999999999995,115.706,15,15,0,MEDIUM,4,3,94.26911764705883,79.894,23.964666666666666,42.664,0
Race,Italy,Imola,2025-05-18T13:00:00+00:00,9987,6,27,Kick Sauber,,12,30.0,37.077,108.201,13,10,-3,MEDIUM,0,2,91.03779411764705,80.401,23.964666666666666,42.664,0
Race,Italy,Imola,2025-05-18T13:00:00+00:00,9987,6,10,Alpine,,13,30.0,30.373999999999995,114.26,19,19,0,HARD,0,3,90.39379411764705,80.398,23.964666666666666,42.664,0
Race,Italy,Imola,2025-05-18T13:00:00+00:00,9987,6,30,Racing Bulls,,14,30.0,27.768500000000003,115.803,16,18,2,HARD,0,3,90.32461764705882,80.473,23.964666666666666,42.664,0
Race,Italy,Imola,2025-05-18T13:00:00+00:00,9987,6,18,Aston Martin,,15,47.0,19.398999999999987,115.462,13,15,2,MEDIUM,6,3,94.40323529411765,80.501,23.964666666666666,42.664,0
Race,Italy,Imola,2025-05-18T13:00:00+00:00,9987,6,43,Alpine,,16,47.0,14.609500000000011,117.151,8,10,2,HARD,0,3,94.03470588235295,80.345,23.964666666666666,42.664,0
Race,Italy,Imola,2025-05-18T13:00:00+00:00,9987,6,87,Haas F1 Team,,17,32.0,45.771000000000015,88.912,10,10,0,HARD,0,3,89.82634375,79.521,23.964666666666666,42.664,0
Race,Italy,Imola,2025-05-18T13:00:00+00:00,9987,6,5,Kick Sauber,,18,47.0,13.173000000000002,116.404,12,14,2,MEDIUM,12,4,94.10464705882353,80.63,23.964666666666666,42.664,0
Race,Monaco,Monaco,2025-05-25T13:00:00+00:00,9979,22,10,Alpine,,20,1.0,,,16,18,2,MEDIUM,0,2,94.00271428571429,78.054,22.209375,43.317499999999995,0
Race,Monaco,Monaco,2025-05-25T13:00:00+00:00,9979,22,87,Haas F1 Team,,12,1.0,,,19,16,-3,HARD,0,2,86.28106249999999,74.855,22.209375,43.317499999999995,0
Race,Monaco,Monaco,2025-05-25T13:00:00+00:00,9979,22,6,Racing Bulls,,6,14.0,15.642500000000013,77.088,8,6,-2,SOFT,3,2,80.6774,75.981,22.209375,43.317499999999995,0
Race,Monaco,Monaco,2025-05-25T13:00:00+00:00,9979,22,43,Alpine,,13,13.0,15.972499999999997,79.827,18,18,0,MEDIUM,7,2,79.15830769230769,75.435,22.209375,43.317499999999995,0
Race,Monaco,Monaco,2025-05-25T13:00:00+00:00,9979,22,5,Kick Sauber,,14,1.0,,,17,16,-1,HARD,0,2,83.513,75.721,22.209375,43.317499999999995,0
Race,Monaco,Monaco,2025-05-25T13:00:00+00:00,9979,22,31,Haas F1 Team,,7,16.0,17.251000000000005,76.577,9,7,-2,MEDIUM,4,2,78.81625000000001,75.774,22.209375,43.317499999999995,0
Race,Monaco,Monaco,2025-05-25T13:00:00+00:00,9979,22,14,Aston Martin,,19,16.0,16.230000000000004,75.593,10,12,2,HARD,1,2,77.93733333333333,75.823,22.209375,43.317499999999995,0
Race,Monaco,Monaco,2025-05-25T13:00:00+00:00,9979,22,5,Kick Sauber,,14,26.0,17.087999999999994,77.965,17,16,-1,SOFT,0,3,79.91699999999999,75.193,22.209375,43.317499999999995,0
Race,Monaco,Monaco,2025-05-25T13:00:00+00:00,9979,22,23,Williams,,9,32.0,13.441000000000003,76.87,12,10,-2,MEDIUM,8,2,79.376625,75.303,22.209375,43.317499999999995,0
Race,Monaco,Monaco,2025-05-25T13:00:00+00:00,9979,22,30,Racing Bulls,,8,31.0,15.62700000000001,76.607,8,10,2,SOFT,3,2,79.03433333333334,75.8,22.209375,43.317499999999995,0
Race,Monaco,Monaco,2025-05-25T13:00:00+00:00,9979,22,27,Kick Sauber,,16,12.0,17.9015,79.404,15,15,0,HARD,0,2,79.14068750000001,76.106,22.209375,43.317499999999995,0
Race,Monaco,Monaco,2025-05-25T13:00:00+00:00,9979,22,81,McLaren,,3,20.0,17.188500000000005,75.049,3,3,0,HARD,0,2,75.87882142857143,73.818,22.209375,43.317499999999995,0
Race,Monaco,Monaco,2025-05-25T13:00:00+00:00,9979,22,16,Ferrari,,2,22.0,14.471500000000006,75.782,2,2,0,HARD,0,2,75.64559259259259,74.055,22.209375,43.317499999999995,0
Race,Monaco,Monaco,2025-05-25T13:00:00+00:00,9979,22,4,McLaren,,1,19.0,15.59750000000001,75.28,4,2,-2,HARD,0,2,75.57700000000001,73.872,22.209375,43.317499999999995,0
Race,Monaco,Monaco,2025-05-25T13:00:00+00:00,9979,22,55,Williams,,10,48.0,15.635999999999996,75.516,11,6,-5,MEDIUM,0,2,79.2508,74.496,22.209375,43.317499999999995,0
Race,Monaco,Monaco,2025-05-25T13:00:00+00:00,9979,22,44,Ferrari,,5,18.0,15.352499999999992,74.977,6,8,2,HARD,1,2,76.16278947368423,74.533,22.209375,43.317499999999995,0
Race,Monaco,Monaco,2025-05-25T13:00:00+00:00,9979,22,18,Aston Martin,,15,17.0,17.820499999999996,80.446,18,15,-3,HARD,1,2,79.03370212765958,76.433,22.209375,43.317499999999995,0
Race,Monaco,Monaco,2025-05-25T13:00:00+00:00,9979,22,63,Mercedes,,11,53.0,9.530500000000004,76.023,11,7,-4,MEDIUM,53,2,78.13813333333333,73.483,22.209375,43.317499999999995,0
Race,Monaco,Monaco,2025-05-25T13:00:00+00:00,9979,22,12,Mercedes,,18,69.0,16.86,75.019,18,5,-13,MEDIUM,0,2,86.812,79.503,22.209375,43.317499999999995,0
Race,Monaco,Monaco,2025-05-25T13:00:00+00:00,9979,22,22,Red Bull Racing,,17,1.0,,,16,14,-2,HARD,0,2,80.33294444444444,75.32,22.209375,43.317499999999995,0
Race,Monaco,Monaco,2025-05-25T13:00:00+00:00,9979,22,1,Red Bull Racing,,4,28.0,15.203999999999994,76.323,3,1,-2,MEDIUM,0,2,75.75751020408163,74.23,22.209375,43.317499999999995,0
Race,Monaco,Monaco,2025-05-25T13:00:00+00:00,9979,22,4,McLaren,,1,50.0,13.432500000000005,76.684,4,2,-2,HARD,0,3,76.13258620689656,73.221,22.209375,43.317499999999995,0
Race,Monaco,Monaco,2025-05-25T13:00:00+00:00,9979,22,16,Ferrari,,2,49.0,16.06150000000001,74.731,2,2,0,MEDIUM,0,3,76.07523333333334,74.342,22.209375,43.317499999999995,0
Race,Monaco,Monaco,2025-05-25T13:00:00+00:00,9979,22,81,McLaren,,3,48.0,14.751500000000007,74.092,3,3,0,HARD,0,3,75.75387096774193,73.745,22.209375,43.317499999999995,0
Race,Monaco,Monaco,2025-05-25T13:00:00+00:00,9979,22,12,Mercedes,,18,71.0,12.256,79.503,18,5,-13,HARD,0,3,78.50480000000002,73.518,22.209375,43.317499999999995,0
Race,Monaco,Monaco,2025-05-25T13:00:00+00:00,9979,22,23,Williams,,9,40.0,13.80550000000001,75.303,12,10,-2,HARD,0,3,77.5358918918919,74.597,22.209375,43.317499999999995,0
Race,Monaco,Monaco,2025-05-25T13:00:00+00:00,9979,22,55,Williams,,10,53.0,13.778500000000008,74.634,11,6,-5,MEDIUM,8,3,76.8755,73.988,22.209375,43.317499999999995,0
Race,Monaco,Monaco,2025-05-25T13:00:00+00:00,9979,22,1,Red Bull Racing,,4,77.0,16.212999999999994,76.468,3,1,-2,SOFT,3,3,85.55099999999999,77.77,22.209375,43.317499999999995,0
Race,Monaco,Monaco,2025-05-25T13:00:00+00:00,9979,22,63,Mercedes,,11,68.0,15.275999999999996,73.483,11,7,-4,HARD,0,3,76.29788888888889,73.405,22.209375,43.317499999999995,0
Race,Monaco,Monaco,2025-05-25T13:00:00+00:00,9979,22,44,Ferrari,,5,56.0,14.503500000000003,76.657,6,8,2,MEDIUM,0,3,76.86747826086956,74.09,22.209375,43.317499999999995,0
Race,Monaco,Monaco,2025-05-25T13:00:00+00:00,9979,22,87,Haas F1 Team,,12,17.0,18.33399999999999,80.638,19,16,-3,MEDIUM,0,3,78.47264999999999,75.355,22.209375,43.317499999999995,0
Race,Monaco,Monaco,2025-05-25T13:00:00+00:00,9979,22,43,Alpine,,13,26.0,16.849000000000004,77.209,18,18,0,MEDIUM,0,3,78.46682352941177,75.298,22.209375,43.317499999999995,0
Race,Monaco,Monaco,2025-05-25T13:00:00+00:00,9979,22,6,Racing Bulls,,6,19.0,15.5505,76.372,8,6,-2,HARD,1,3,77.62786440677966,76.044,22.209375,43.317499999999995,0
Race,Monaco,Monaco,2025-05-25T13:00:00+00:00,9979,22,31,Haas F1 Team,,7,28.0,15.908500000000004,76.705,9,7,-2,HARD,0,3,77.58586,75.157,22.209375,43.317499999999995,0
Race,Monaco,Monaco,2025-05-25T13:00:00+00:00,9979,22,30,Racing Bulls,,8,40.0,14.125500000000002,75.8,8,10,2,HARD,1,3,76.99899999999998,75.321,22.209375,43.317499999999995,0
Race,Monaco,Monaco,2025-05-25T13:00:00+00:00,9979,22,5,Kick Sauber,,14,35.0,16.30550000000001,79.276,17,16,-1,MEDIUM,0,4,78.46692857142858,74.884,22.209375,43.317499999999995,0
Race,Monaco,Monaco,2025-05-25T13:00:00+00:00,9979,22,18,Aston Martin,,15,64.0,18.718000000000004,78.974,18,15,-3,MEDIUM,1,3,77.79307692307692,74.877,22.209375,43.317499999999995,0
Race,Monaco,Monaco,2025-05-25T13:00:00+00:00,9979,22,27,Kick Sauber,,16,44.0,17.12849999999999,77.929,15,15,0,SOFT,0,3,78.63442424242425,75.223,22.209375,43.317499999999995,0
Race,Monaco,Monaco,2025-05-25T13:00:00+00:00,9979,22,22,Red Bull Racing,,17,73.0,14.532500000000013,75.32,16,14,-2,MEDIUM,0,3,80.548,74.913,22.209375,43.317499999999995,0
Race,Spain,Barcelona,2025-06-01T13:00:00+00:00,9971,15,22,Red Bull Racing,,13,9.0,15.525499999999994,87.017,18,16,-2,SOFT,0,2,83.1569375,79.888,29.12,48.54322580645161,0
Race,Spain,Barcelona,2025-06-01T13:00:00+00:00,9971,15,23,Williams,,19,7.0,24.2265,86.284,19,17,-2,SOFT,0,2,83.66544999999999,80.508,29.12,48.54322580645161,0
Race,Spain,Barcelona,2025-06-01T13:00:00+00:00,9971,15,23,Williams,,19,27.0,,89.868,19,17,-2,SOFT,20,3,122.219,122.219,29.12,48.54322580645161,0
Race,Spain,Barcelona,2025-06-01T13:00:00+00:00,9971,15,1,Red Bull Racing,,10,14.0,14.370000000000005,86.03,3,1,-2,SOFT,0,2,81.38343750000001,79.45,29.12,48.54322580645161,0
Race,Spain,Barcelona,2025-06-01T13:00:00+00:00,9971,15,10,Alpine,,8,11.0,15.170999999999992,85.67,7,9,2,SOFT,3,2,83.19171428571428,81.636,29.12,48.54322580645161,0
Race,Spain,Barcelona,2025-06-01T13:00:00+00:00,9971,15,55,Williams,,14,10.0,24.608999999999995,86.311,14,14,0,SOFT,0,2,83.06504,81.02,29.12,48.54322580645161,0
Race,Spain,Barcelona,2025-06-01T13:00:00+00:00,9971,15,87,Haas F1 Team,,17,9.0,14.382999999999996,86.186,11,13,2,MEDIUM,0,2,82.85977777777778,80.386,29.12,48.54322580645161,0
Race,Spain,Barcelona,2025-06-01T13:00:00+00:00,9971,15,16,Ferrari,,3,18.0,16.302000000000007,85.153,7,5,-2,MEDIUM,0,2,81.31026086956524,79.467,29.12,48.54322580645161,0
Race,Spain,Barcelona,2025-06-01T13:00:00+00:00,9971,15,43,Alpine,,15,15.0,15.0835,86.715,17,19,2,MEDIUM,0,2,83.7416,81.386,29.12,48.54322580645161,0
Race,Spain,Barcelona,2025-06-01T13:00:00+00:00,9971,15,63,Mercedes,,4,21.0,14.543000000000006,86.155,5,7,2,MEDIUM,0,2,81.37285714285714,79.163,29.12,48.54322580645161,0
Race,Spain,Barcelona,2025-06-01T13:00:00+00:00,9971,15,14,Aston Martin,,9,16.0,16.081000000000017,87.958,17,15,-2,MEDIUM,1,2,82.4278888888889,80.454,29.12,48.54322580645161,0
Race,Spain,Barcelona,2025-06-01T13:00:00+00:00,9971,15,31,Haas F1 Team,,16,21.0,15.665999999999997,88.077,19,17,-2,MEDIUM,0,2,82.59608695652175,80.553,29.12,48.54322580645161,0
Race,Spain,Barcelona,2025-06-01T13:00:00+00:00,9971,15,30,Racing Bulls,,11,19.0,15.64800000000001,87.446,11,13,2,MEDIUM,0,2,82.37176923076923,80.771,29.12,48.54322580645161,0
Race,Spain,Barcelona,2025-06-01T13:00:00+00:00,9971,15,22,Red Bull Racing,,13,25.0,15.533999999999992,86.048,18,16,-2,SOFT,0,3,82.35359999999999,80.192,29.12,48.54322580645161,0
Race,Spain,Barcelona,2025-06-01T13:00:00+00:00,9971,15,27,Kick Sauber,,5,10.0,15.238,85.851,13,15,2,MEDIUM,0,2,82.30499999999999,80.709,29.12,48.54322580645161,0
Race,Spain,Barcelona,2025-06-01T13:00:00+00:00,9971,15,44,Ferrari,,6,17.0,16.436499999999995,85.739,9,7,-2,MEDIUM,0,2,81.40113333333332,80.03,29.12,48.54322580645161,0
Race,Spain,Barcelona,2025-06-01T13:00:00+00:00,9971,15,1,Red Bull Racing,,10,30.0,14.9165,84.509,3,1,-2,MEDIUM,0,3,80.60955555555556,78.216,29.12,48.54322580645161,0
Race,Spain,Barcelona,2025-06-01T13:00:00+00:00,9971,15,4,McLaren,,2,22.0,16.356499999999997,85.617,3,3,0,MEDIUM,0,2,80.81259259259258,79.449,29.12,48.54322580645161,0
Race,Spain,Barcelona,2025-06-01T13:00:00+00:00,9971,15,6,Racing Bulls,,7,20.0,15.646500000000003,86.307,6,8,2,MEDIUM,0,2,81.77744827586208,80.651,29.12,48.54322580645161,0
Race,Spain,Barcelona,2025-06-01T13:00:00+00:00,9971,15,81,McLaren,,1,23.0,16.069000000000003,85.235,1,1,0,MEDIUM,0,2,80.71644444444445,79.235,29.12,48.54322580645161,0
Race,Spain,Barcelona,2025-06-01T13:00:00+00:00,9971,15,12,Mercedes,,18,22.0,15.487499999999997,86.745,8,6,-2,MEDIUM,0,2,81.53317857142858,80.371,29.12,48.54322580645161,0
Race,Spain,Barcelona,2025-06-01T13:00:00+00:00,9971,15,5,Kick Sauber,,12,20.0,16.768,87.666,19,17,-2,MEDIUM,0,2,82.40146666666669,80.881,29.12,48.54322580645161,0
Race,Spain,Barcelona,2025-06-01T13:00:00+00:00,9971,15,12,Mercedes,,18,50.0,19.027500000000003,84.211,8,6,-2,SOFT,3,3,83.98,78.255,29.12,48.54322580645161,0
Race,Spain,Barcelona,2025-06-01T13:00:00+00:00,9971,15,81,McLaren,,1,50.0,16.754999999999995,83.19,1,1,0,SOFT,3,3,83.68716666666667,77.766,29.12,48.54322580645161,0
Race,Spain,Barcelona,2025-06-01T13:00:00+00:00,9971,15,4,McLaren,,2,49.0,15.748500000000007,83.999,3,3,0,SOFT,3,3,82.95842857142858,77.304,29.12,48.54322580645161,0
Race,Spain,Barcelona,2025-06-01T13:00:00+00:00,9971,15,1,Red Bull Racing,,10,48.0,15.5655,83.558,3,1,-2,SOFT,3,4,82.57975,77.141,29.12,48.54322580645161,0
Race,Spain,Barcelona,2025-06-01T13:00:00+00:00,9971,15,14,Aston Martin,,9,43.0,16.287000000000006,85.467,17,15,-2,SOFT,3,3,83.28991666666668,78.997,29.12,48.54322580645161,0
Race,Spain,Barcelona,2025-06-01T13:00:00+00:00,9971,15,87,Haas F1 Team,,17,36.0,13.803000000000011,87.065,11,13,2,MEDIUM,0,3,82.93615789473684,80.017,29.12,48.54322580645161,0
Race,Spain,Barcelona,2025-06-01T13:00:00+00:00,9971,15,22,Red Bull Racing,,13,45.0,15.489999999999995,87.462,18,16,-2,SOFT,0,4,83.4303,77.998,29.12,48.54322580645161,0
Race,Spain,Barcelona,2025-06-01T13:00:00+00:00,9971,15,16,Ferrari,,3,41.0,16.008999999999986,85.756,7,5,-2,MEDIUM,0,3,82.36573333333334,79.181,29.12,48.54322580645161,0
Race,Spain,Barcelona,2025-06-01T13:00:00+00:00,9971,15,63,Mercedes,,4,42.0,13.704499999999996,84.584,5,7,2,SOFT,0,3,82.00814285714286,78.437,29.12,48.54322580645161,0
Race,Spain,Barcelona,2025-06-01T13:00:00+00:00,9971,15,44,Ferrari,,6,47.0,18.0625,85.116,9,7,-2,SOFT,3,3,84.06822222222222,78.335,29.12,48.54322580645161,0
Race,Spain,Barcelona,2025-06-01T13:00:00+00:00,9971,15,43,Alpine,,15,40.0,17.155500000000004,86.444,17,19,2,SOFT,0,3,83.6724,78.353,29.12,48.54322580645161,0
Race,Spain,Barcelona,2025-06-01T13:00:00+00:00,9971,15,6,Racing Bulls,,7,49.0,16.024,84.323,6,8,2,SOFT,0,3,87.92399999999999,79.595,29.12,48.54322580645161,0
Race,Spain,Barcelona,2025-06-01T13:00:00+00:00,9971,15,10,Alpine,,8,32.0,15.888500000000008,86.267,7,9,2,MEDIUM,0,3,83.79333333333334,80.035,29.12,48.54322580645161,0
Race,Spain,Barcelona,2025-06-01T13:00:00+00:00,9971,15,55,Williams,,14,35.0,15.334000000000003,86.912,14,14,0,MEDIUM,0,3,84.79247619047618,80.378,29.12,48.54322580645161,0
Race,Spain,Barcelona,2025-06-01T13:00:00+00:00,9971,15,27,Kick Sauber,,5,46.0,15.951999999999998,85.589,13,15,2,SOFT,0,3,87.12327272727273,79.794,29.12,48.54322580645161,0
Race,Spain,Barcelona,2025-06-01T13:00:00+00:00,9971,15,81,McLaren,,1,56.0,40.45750000000001,91.156,1,1,0,SOFT,3,4,101.17463636363637,75.743,29.12,48.54322580645161,0
Race,Spain,Barcelona,2025-06-01T13:00:00+00:00,9971,15,4,McLaren,,2,56.0,37.10849999999999,93.197,3,3,0,SOFT,3,4,100.9019090909091,76.187,29.12,48.54322580645161,0
Race,Spain,Barcelona,2025-06-01T13:00:00+00:00,9971,15,16,Ferrari,,3,56.0,13.248499999999993,101.931,7,5,-2,SOFT,3,4,99.17918181818182,77.259,29.12,48.54322580645161,0
Race,Spain,Barcelona,2025-06-01T13:00:00+00:00,9971,15,63,Mercedes,,4,56.0,13.5445,102.124,5,7,2,SOFT,0,4,98.88181818181819,77.244,29.12,48.54322580645161,0
Race,Spain,Barcelona,2025-06-01T13:00:00+00:00,9971,15,1,Red Bull Racing,,10,56.0,34.45150000000001,94.644,3,1,-2,HARD,0,5,101.40145454545454,77.019,29.12,48.54322580645161,0
Race,Spain,Barcelona,2025-06-01T13:00:00+00:00,9971,15,27,Kick Sauber,,5,57.0,13.497,93.749,13,15,2,SOFT,0,4,92.0201,77.575,29.12,48.54322580645161,0
Race,Spain,Barcelona,2025-06-01T13:00:00+00:00,9971,15,44,Ferrari,,6,56.0,19.545500000000004,105.765,9,7,-2,SOFT,3,4,98.17590909090909,77.706,29.12,48.54322580645161,0
Race,Spain,Barcelona,2025-06-01T13:00:00+00:00,9971,15,6,Racing Bulls,,7,56.0,6.754499999999993,110.63,6,8,2,SOFT,3,4,94.05181818181818,77.77,29.12,48.54322580645161,0
Race,Spain,Barcelona,2025-06-01T13:00:00+00:00,9971,15,10,Alpine,,8,56.0,7.207499999999996,110.935,7,9,2,SOFT,3,4,91.59572727272726,77.896,29.12,48.54322580645161,0
Race,Spain,Barcelona,2025-06-01T13:00:00+00:00,9971,15,14,Aston Martin,,9,55.0,26.315499999999986,97.388,17,15,-2,SOFT,3,4,93.0765,78.128,29.12,48.54322580645161,0
Race,Spain,Barcelona,2025-06-01T13:00:00+00:00,9971,15,30,Racing Bulls,,11,45.0,17.319500000000005,84.71,11,13,2,SOFT,0,3,89.26404545454547,79.424,29.12,48.54322580645161,0
Race,Spain,Barcelona,2025-06-01T13:00:00+00:00,9971,15,5,Kick Sauber,,12,50.0,16.641999999999996,84.483,19,17,-2,SOFT,0,3,90.77494117647059,78.297,29.12,48.54322580645161,0
Race,Spain,Barcelona,2025-06-01T13:00:00+00:00,9971,15,87,Haas F1 Team,,17,55.0,23.057500000000005,98.755,11,13,2,SOFT,6,4,93.23075,78.907,29.12,48.54322580645161,0
Race,Spain,Barcelona,2025-06-01T13:00:00+00:00,9971,15,22,Red Bull Racing,,13,55.0,19.9405,100.175,18,16,-2,SOFT,3,5,93.04574999999998,79.526,29.12,48.54322580645161,0
Race,Spain,Barcelona,2025-06-01T13:00:00+00:00,9971,15,55,Williams,,14,56.0,15.5415,129.946,14,14,0,SOFT,0,4,90.0500909090909,79.317,29.12,48.54322580645161,0
Race,Spain,Barcelona,2025-06-01T13:00:00+00:00,9971,15,43,Alpine,,15,55.0,16.653499999999994,108.581,17,19,2,SOFT,1,4,90.41674999999998,79.978,29.12,48.54322580645161,0
Race,Spain,Barcelona,2025-06-01T13:00:00+00:00,9971,15,31,Haas F1 Team,,16,44.0,15.265000000000015,85.554,19,17,-2,MEDIUM,0,3,88.49391304347827,78.624,29.12,48.54322580645161,0
Race,Canada,Montréal,2025-06-15T18:00:00+00:00,9963,23,1,Red Bull Racing,,2,12.0,15.090500000000006,76.991,5,3,-2,HARD,0,2,76.73552,75.464,24.036526946107788,49.25329341317366,1
Race,Canada,Montréal,2025-06-15T18:00:00+00:00,9963,23,12,Mercedes,,3,14.0,14.367000000000004,77.73,8,7,-1,HARD,1,2,76.67745833333333,75.362,24.036526946107788,49.25329341317366,1
Race,Canada,Montréal,2025-06-15T18:00:00+00:00,9963,23,63,Mercedes,,1,13.0,14.615499999999997,76.715,5,3,-2,HARD,1,2,76.4391724137931,75.299,24.036526946107788,49.25329341317366,1
Race,Canada,Montréal,2025-06-15T18:00:00+00:00,9963,23,81,McLaren,,4,16.0,14.367000000000004,77.185,5,3,-2,HARD,0,2,76.3816896551724,75.203,24.036526946107788,49.25329341317366,1
Race,Canada,Montréal,2025-06-15T18:00:00+00:00,9963,23,44,Ferrari,,6,15.0,16.12899999999999,77.486,6,8,2,HARD,0,2,77.11446666666667,75.748,24.036526946107788,49.25329341317366,1
Race,Canada,Montréal,2025-06-15T18:00:00+00:00,9963,23,23,Williams,,20,23.0,17.078000000000003,79.463,10,9,-1,HARD,0,2,78.03337499999999,76.197,24.036526946107788,49.25329341317366,1
Race,Canada,Montréal,2025-06-15T18:00:00+00:00,9963,23,4,McLaren,,18,29.0,15.033000000000001,76.184,4,6,2,MEDIUM,0,2,76.30938888888889,74.725,24.036526946107788,49.25329341317366,1
Race,Canada,Montréal,2025-06-15T18:00:00+00:00,9963,23,14,Aston Martin,,7,15.0,16.066500000000005,78.79,17,17,0,HARD,1,2,77.39208571428571,75.931,24.036526946107788,49.25329341317366,1
Race,Canada,Montréal,2025-06-15T18:00:00+00:00,9963,23,18,Aston Martin,,17,24.0,14.728499999999997,78.552,14,14,0,HARD,1,2,77.58374074074074,76.217,24.036526946107788,49.25329341317366,1
Race,Canada,Montréal,2025-06-15T18:00:00+00:00,9963,23,16,Ferrari,,5,28.0,14.219999999999999,76.492,6,4,-2,HARD,0,2,76.18028,74.971,24.036526946107788,49.25329341317366,1
Race,Canada,Montréal,2025-06-15T18:00:00+00:00,9963,23,30,Racing Bulls,,19,38.0,14.507999999999996,78.193,13,15,2,MEDIUM,0,2,78.56649999999999,76.32,24.036526946107788,49.25329341317366,1
Race,Canada,Montréal,2025-06-15T18:00:00+00:00,9963,23,4,McLaren,,18,47.0,14.865500000000011,75.505,4,6,2,HARD,0,3,75.50385000000001,74.229,24.036526946107788,49.25329341317366,1
Race,Canada,Montréal,2025-06-15T18:00:00+00:00,9963,23,14,Aston Martin,,7,50.0,15.073499999999996,76.958,17,17,0,HARD,1,3,76.6868125,75.024,24.036526946107788,49.25329341317366,1
Race,Canada,Montréal,2025-06-15T18:00:00+00:00,9963,23,63,Mercedes,,1,42.0,15.356500000000011,75.477,5,3,-2,HARD,0,3,75.71176,74.119,24.036526946107788,49.25329341317366,1
Race,Canada,Montréal,2025-06-15T18:00:00+00:00,9963,23,27,Kick Sauber,,8,19.0,15.027500000000003,78.54,10,12,2,HARD,0,2,77.06359574468085,75.372,24.036526946107788,49.25329341317366,1
Race,Canada,Montréal,2025-06-15T18:00:00+00:00,9963,23,1,Red Bull Racing,,2,37.0,14.495499999999993,76.123,5,3,-2,HARD,0,3,75.6085,74.287,24.036526946107788,49.25329341317366,1
Race,Canada,Montréal,2025-06-15T18:00:00+00:00,9963,23,12,Mercedes,,3,38.0,13.700499999999991,75.619,8,7,-1,HARD,0,3,75.64237931034482,74.455,24.036526946107788,49.25329341317366,1
Race,Canada,Montréal,2025-06-15T18:00:00+00:00,9963,23,55,Williams,,10,57.0,15.470499999999987,77.283,13,11,-2,MEDIUM,0,2,77.30600000000001,74.389,24.036526946107788,49.25329341317366,1
Race,Canada,Montréal,2025-06-15T18:00:00+00:00,9963,23,31,Haas F1 Team,,9,57.0,14.823999999999998,76.51,10,8,-2,MEDIUM,0,2,77.67188888888889,74.593,24.036526946107788,49.25329341317366,1
Race,Canada,Montréal,2025-06-15T18:00:00+00:00,9963,23,81,McLaren,,4,45.0,14.271500000000003,75.723,5,3,-2,HARD,0,3,75.63518181818182,74.255,24.036526946107788,49.25329341317366,1
Race,Canada,Montréal,2025-06-15T18:00:00+00:00,9963,23,16,Ferrari,,5,53.0,14.744,75.061,6,4,-2,MEDIUM,0,3,76.41442857142859,74.261,24.036526946107788,49.25329341317366,1
Race,Canada,Montréal,2025-06-15T18:00:00+00:00,9963,23,87,Haas F1 Team,,11,18.0,15.713999999999999,78.656,16,18,2,HARD,0,2,77.35102083333334,75.397,24.036526946107788,49.25329341317366,1
Race,Canada,Montréal,2025-06-15T18:00:00+00:00,9963,23,22,Red Bull Racing,,12,56.0,16.31949999999999,76.557,13,11,-2,MEDIUM,0,2,78.2904,75.358,24.036526946107788,49.25329341317366,1
Race,Canada,Montréal,2025-06-15T18:00:00+00:00,9963,23,10,Alpine,,15,53.0,15.432999999999993,76.54,15,15,0,MEDIUM,0,2,77.22846153846154,74.993,24.036526946107788,49.25329341317366,1
Race,Canada,Montréal,2025-06-15T18:00:00+00:00,9963,23,43,Alpine,,13,14.0,15.768999999999991,77.88,19,17,-2,HARD,0,2,77.68576923076922,76.076,24.036526946107788,49.25329341317366,1
Race,Canada,Montréal,2025-06-15T18:00:00+00:00,9963,23,5,Kick Sauber,,14,49.0,14.501500000000007,77.249,13,13,0,MEDIUM,0,2,77.35282352941176,75.414,24.036526946107788,49.25329341317366,1
Race,Canada,Montréal,2025-06-15T18:00:00+00:00,9963,23,18,Aston Martin,,17,51.0,25.876999999999995,76.496,14,14,0,MEDIUM,0,3,77.32406666666667,74.902,24.036526946107788,49.25329341317366,1
Race,Canada,Montréal,2025-06-15T18:00:00+00:00,9963,23,6,Racing Bulls,,16,13.0,16.9405,79.153,18,20,2,HARD,1,2,77.7226603773585,76.292,24.036526946107788,49.25329341317366,1
Race,Canada,Montréal,2025-06-15T18:00:00+00:00,9963,23,44,Ferrari,,6,45.0,14.402000000000001,76.789,6,8,2,HARD,0,3,76.6459090909091,74.805,24.036526946107788,49.25329341317366,1
Race,Canada,Montréal,2025-06-15T18:00:00+00:00,9963,23,27,Kick Sauber,,8,66.0,7.941000000000017,75.372,10,12,2,HARD,47,3,101.808,101.808,24.036526946107788,49.25329341317366,1
Race,Canada,Montréal,2025-06-15T18:00:00+00:00,9963,23,14,Aston Martin,,7,66.0,5.040500000000009,75.219,17,17,0,HARD,17,4,99.524,99.524,24.036526946107788,49.25329341317366,1
Race,Canada,Montréal,2025-06-15T18:00:00+00:00,9963,23,1,Red Bull Racing,,2,67.0,3.6429999999999865,74.394,5,3,-2,HARD,0,4,103.478,103.478,24.036526946107788,49.25329341317366,1
Race,Canada,Montréal,2025-06-15T18:00:00+00:00,9963,23,63,Mercedes,,1,67.0,2.8504999999999967,74.53,5,3,-2,HARD,25,4,103.5,103.5,24.036526946107788,49.25329341317366,1
Race,Canada,Montréal,2025-06-15T18:00:00+00:00,9963,23,12,Mercedes,,3,67.0,5.193999999999988,74.653,8,7,-1,HARD,29,4,104.172,104.172,24.036526946107788,49.25329341317366,1
Race,Canada,Montréal,2025-06-15T18:00:00+00:00,9963,23,81,McLaren,,4,67.0,14.587999999999994,75.441,5,3,-2,SOFT,0,4,111.532,111.532,24.036526946107788,49.25329341317366,1
Race,Canada,Montréal,2025-06-15T18:00:00+00:00,9963,23,55,Williams,,10,66.0,9.982,74.459,13,11,-2,MEDIUM,9,3,105.951,105.951,24.036526946107788,49.25329341317366,1
Race,Canada,Montréal,2025-06-15T18:00:00+00:00,9963,23,31,Haas F1 Team,,9,66.0,10.320999999999998,74.782,10,8,-2,MEDIUM,9,3,106.256,106.256,24.036526946107788,49.25329341317366,1
Race,Canada,Montréal,2025-06-15T18:00:00+00:00,9963,23,16,Ferrari,,5,67.0,17.363500000000002,75.343,6,4,-2,MEDIUM,14,4,112.504,112.504,24.036526946107788,49.25329341317366,1
Race,Canada,Montréal,2025-06-15T18:00:00+00:00,9963,23,22,Red Bull Racing,,12,66.0,16.655500000000004,75.845,13,11,-2,MEDIUM,10,3,113.199,113.199,24.036526946107788,49.25329341317366,1
Race,Canada,Montréal,2025-06-15T18:00:00+00:00,9963,23,87,Haas F1 Team,,11,66.0,22.709000000000003,75.476,16,18,2,SOFT,0,3,118.863,118.863,24.036526946107788,49.25329341317366,1
Race,Canada,Montréal,2025-06-15T18:00:00+00:00,9963,23,5,Kick Sauber,,14,66.0,16.9645,76.037,13,13,0,MEDIUM,0,3,113.764,113.764,24.036526946107788,49.25329341317366,1
Race,Canada,Montréal,2025-06-15T18:00:00+00:00,9963,23,43,Alpine,,13,66.0,18.14049999999999,76.279,19,17,-2,HARD,52,3,114.74,114.74,24.036526946107788,49.25329341317366,1
Race,Canada,Montréal,2025-06-15T18:00:00+00:00,9963,23,10,Alpine,,15,66.0,20.697999999999993,76.207,15,15,0,MEDIUM,13,3,116.515,116.515,24.036526946107788,49.25329341317366,1
Race,Canada,Montréal,2025-06-15T18:00:00+00:00,9963,23,6,Racing Bulls,,16,66.0,24.881500000000003,77.538,18,20,2,SOFT,3,3,121.476,121.476,24.036526946107788,49.25329341317366,1
Race,Canada,Montréal,2025-06-15T18:00:00+00:00,9963,23,18,Aston Martin,,17,66.0,27.163999999999987,76.51,14,14,0,SOFT,0,4,123.386,123.386,24.036526946107788,49.25329341317366,1
Race,Canada,Montréal,2025-06-15T18:00:00+00:00,9963,23,44,Ferrari,,6,67.0,19.211,82.408,6,8,2,HARD,22,4,115.724,115.724,24.036526946107788,49.25329341317366,1
Race,Canada,Montréal,2025-06-15T18:00:00+00:00,9963,23,27,Kick Sauber,,8,67.0,11.867999999999995,101.808,10,12,2,HARD,0,4,112.362,112.362,24.036526946107788,49.25329341317366,1
Race,Canada,Montréal,2025-06-15T18:00:00+00:00,9963,23,14,Aston Martin,,7,67.0,14.325000000000003,99.524,17,17,0,HARD,18,5,113.748,113.748,24.036526946107788,49.25329341317366,1
Race,Canada,Montréal,2025-06-15T18:00:00+00:00,9963,23,1,Red Bull Racing,,2,68.0,11.66449999999999,103.478,5,3,-2,HARD,0,5,125.276,125.276,24.036526946107788,49.25329341317366,1
Race,Canada,Montréal,2025-06-15T18:00:00+00:00,9963,23,31,Haas F1 Team,,9,67.0,2.339499999999987,106.256,10,8,-2,MEDIUM,10,4,117.088,117.088,24.036526946107788,49.25329341317366,1
Race,Canada,Montréal,2025-06-15T18:00:00+00:00,9963,23,55,Williams,,10,67.0,2.7335000000000065,105.951,13,11,-2,MEDIUM,10,4,117.479,117.479,24.036526946107788,49.25329341317366,1
Race,Canada,Montréal,2025-06-15T18:00:00+00:00,9963,23,12,Mercedes,,3,68.0,9.364000000000004,104.172,8,7,-1,HARD,30,5,123.303,123.303,24.036526946107788,49.25329341317366,1
Race,Canada,Montréal,2025-06-15T18:00:00+00:00,9963,23,63,Mercedes,,1,68.0,13.110500000000002,103.5,5,3,-2,HARD,26,5,126.769,126.769,24.036526946107788,49.25329341317366,1
Race,Canada,Montréal,2025-06-15T18:00:00+00:00,9963,23,16,Ferrari,,5,68.0,3.2860000000000014,112.504,6,4,-2,MEDIUM,15,5,114.938,114.938,24.036526946107788,49.25329341317366,1
Race,Canada,Montréal,2025-06-15T18:00:00+00:00,9963,23,81,McLaren,,4,68.0,0.7135000000000105,111.532,5,3,-2,SOFT,0,5,118.447,118.447,24.036526946107788,49.25329341317366,1
Race,Canada,Montréal,2025-06-15T18:00:00+00:00,9963,23,87,Haas F1 Team,,11,67.0,3.867999999999995,118.863,16,18,2,SOFT,1,4,116.832,116.832,24.036526946107788,49.25329341317366,1
Race,Canada,Montréal,2025-06-15T18:00:00+00:00,9963,23,43,Alpine,,13,67.0,6.632999999999996,114.74,19,17,-2,HARD,53,4,116.92,116.92,24.036526946107788,49.25329341317366,1
Race,Canada,Montréal,2025-06-15T18:00:00+00:00,9963,23,5,Kick Sauber,,14,67.0,7.665000000000006,113.764,13,13,0,MEDIUM,0,4,117.562,117.562,24.036526946107788,49.25329341317366,1
Race,Canada,Montréal,2025-06-15T18:00:00+00:00,9963,23,22,Red Bull Racing,,12,67.0,7.4680000000000035,113.199,13,11,-2,MEDIUM,0,4,117.242,117.242,24.036526946107788,49.25329341317366,1
Race,Canada,Montréal,2025-06-15T18:00:00+00:00,9963,23,6,Racing Bulls,,16,67.0,3.4639999999999986,121.476,18,20,2,SOFT,0,4,115.651,115.651,24.036526946107788,49.25329341317366,1
Race,Canada,Montréal,2025-06-15T18:00:00+00:00,9963,23,10,Alpine,,15,67.0,3.8045000000000044,116.515,15,15,0,MEDIUM,14,4,115.427,115.427,24.036526946107788,49.25329341317366,1
Race,Canada,Montréal,2025-06-15T18:00:00+00:00,9963,23,44,Ferrari,,6,68.0,3.890500000000003,115.724,6,8,2,HARD,0,5,110.618,110.618,24.036526946107788,49.25329341317366,1
Race,Canada,Montréal,2025-06-15T18:00:00+00:00,9963,23,18,Aston Martin,,17,67.0,3.335499999999996,123.386,14,14,0,SOFT,1,5,115.934,115.934,24.036526946107788,49.25329341317366,1
Race,Canada,Montréal,2025-06-15T18:00:00+00:00,9963,23,27,Kick Sauber,,8,68.0,-5.4284999999999854,112.362,10,12,2,HARD,0,5,99.18,99.18,24.036526946107788,49.25329341317366,1
Race,Canada,Montréal,2025-06-15T18:00:00+00:00,9963,23,14,Aston Martin,,7,68.0,-5.836999999999989,113.748,17,17,0,HARD,19,6,99.322,99.322,24.036526946107788,49.25329341317366,1
Race,Canada,Montréal,2025-06-15T18:00:00+00:00,9963,23,63,Mercedes,,1,69.0,-3.3355000000000103,126.769,5,3,-2,HARD,27,6,125.6765,123.817,24.036526946107788,49.25329341317366,1
Race,Canada,Montréal,2025-06-15T18:00:00+00:00,9963,23,1,Red Bull Racing,,2,69.0,-2.234499999999997,125.276,5,3,-2,HARD,32,6,125.214,123.745,24.036526946107788,49.25329341317366,1
Race,Canada,Montréal,2025-06-15T18:00:00+00:00,9963,23,12,Mercedes,,3,69.0,-1.130999999999986,123.303,8,7,-1,HARD,31,6,125.0385,123.706,24.036526946107788,49.25329341317366,1
Race,Canada,Montréal,2025-06-15T18:00:00+00:00,9963,23,31,Haas F1 Team,,9,68.0,1.8539999999999992,117.088,10,8,-2,MEDIUM,11,5,124.46350000000001,123.241,24.036526946107788,49.25329341317366,1
Race,Canada,Montréal,2025-06-15T18:00:00+00:00,9963,23,55,Williams,,10,68.0,2.3740000000000094,117.479,13,11,-2,MEDIUM,0,5,124.1965,123.54,24.036526946107788,49.25329341317366,1
Race,Canada,Montréal,2025-06-15T18:00:00+00:00,9963,23,81,McLaren,,4,69.0,2.9664999999999964,118.447,5,3,-2,SOFT,5,6,123.7125,123.49,24.036526946107788,49.25329341317366,1
Race,Canada,Montréal,2025-06-15T18:00:00+00:00,9963,23,16,Ferrari,,5,69.0,-8.165499999999994,114.938,6,4,-2,MEDIUM,16,6,116.8965,110.8,24.036526946107788,49.25329341317366,1
Race,Canada,Montréal,2025-06-15T18:00:00+00:00,9963,23,87,Haas F1 Team,,11,68.0,-12.463499999999996,116.832,16,18,2,SOFT,2,5,114.645,107.065,24.036526946107788,49.25329341317366,1
Race,Canada,Montréal,2025-06-15T18:00:00+00:00,9963,23,22,Red Bull Racing,,12,68.0,-13.224000000000004,117.242,13,11,-2,MEDIUM,12,5,114.1265,106.349,24.036526946107788,49.25329341317366,1
Race,Canada,Montréal,2025-06-15T18:00:00+00:00,9963,23,43,Alpine,,13,68.0,-13.519499999999994,116.92,19,17,-2,HARD,54,5,113.8105,105.834,24.036526946107788,49.25329341317366,1
Race,Canada,Montréal,2025-06-15T18:00:00+00:00,9963,23,5,Kick Sauber,,14,68.0,-13.195499999999996,117.562,13,13,0,MEDIUM,0,5,113.45949999999999,106.03,24.036526946107788,49.25329341317366,1
Race,Canada,Montréal,2025-06-15T18:00:00+00:00,9963,23,10,Alpine,,15,68.0,-10.463499999999996,115.427,15,15,0,MEDIUM,15,5,112.845,106.73,24.036526946107788,49.25329341317366,1
Race,Canada,Montréal,2025-06-15T18:00:00+00:00,9963,23,6,Racing Bulls,,16,68.0,-13.483499999999992,115.651,18,20,2,SOFT,0,5,110.005,102.898,24.036526946107788,49.25329341317366,1
Race,Canada,Montréal,2025-06-15T18:00:00+00:00,9963,23,18,Aston Martin,,17,68.0,-13.9195,115.934,14,14,0,SOFT,2,6,108.66900000000001,101.811,24.036526946107788,49.25329341317366,1
Race,Canada,Montréal,2025-06-15T18:00:00+00:00,9963,23,44,Ferrari,,6,69.0,-15.453000000000003,110.618,6,8,2,HARD,24,6,106.7405,97.731,24.036526946107788,49.25329341317366,1
Race,Canada,Montréal,2025-06-15T18:00:00+00:00,9963,23,14,Aston Martin,,7,69.0,3.3549999999999898,99.322,17,17,0,HARD,20,7,91.839,87.108,24.036526946107788,49.25329341317366,1
Race,Canada,Montréal,2025-06-15T18:00:00+00:00,9963,23,27,Kick Sauber,,8,69.0,2.9795000000000016,99.18,10,12,2,HARD,0,6,92.713,88.571,24.036526946107788,49.25329341317366,1
